"number","file","line","function","operation","model","tenantScoped","firstTenantRead","currentProvenance","requiredContext","currentWrapper","classification","remediation","verification"
"1","web/src/app/account/page.tsx","12","AccountPage","findUniqueOrThrow","user","NO","NO","Platform/global model by schema and current architecture","Platform/global access; no tenant context","Direct global Prisma access","C","None; retain platform/global semantics","CLASSIFIED_PLATFORM_GLOBAL"
"2","web/src/app/announcements/actions.ts","26","announcement actions","findUniqueOrThrow","player","YES","YES","Authenticated session organizationId","withOrganizationContext(organizationId) and transaction client","Remediated: explicit authenticated organization and transaction client","B","Converted from bare prisma client to scoped transaction client","TSC_PASS; runtime proof pending"
"3","web/src/app/announcements/actions.ts","63","announcement actions","findUniqueOrThrow","announcement","YES","YES","Authenticated session organizationId","withOrganizationContext(organizationId) and transaction client","Remediated: explicit authenticated organization and transaction client","B","Converted from bare prisma client to scoped transaction client","TSC_PASS; runtime proof pending"
"4","web/src/app/announcements/page.tsx","22","AnnouncementsPage","findFirst","season","YES","YES","Authenticated session organizationId","withOrganizationContext(organizationId) and transaction client","Remediated: explicit authenticated organization and transaction client","B","Converted from bare prisma client to scoped transaction client","TSC_PASS; runtime proof pending"
"5","web/src/app/announcements/page.tsx","23","AnnouncementsPage","findMany","club","YES","YES","Authenticated session organizationId","withOrganizationContext(organizationId) and transaction client","Remediated: explicit authenticated organization and transaction client","B","Converted from bare prisma client to scoped transaction client","TSC_PASS; runtime proof pending"
"6","web/src/app/announcements/page.tsx","27","AnnouncementsPage","findMany","announcement","YES","YES","Authenticated session organizationId","withOrganizationContext(organizationId) and transaction client","Remediated: explicit authenticated organization and transaction client","B","Converted from bare prisma client to scoped transaction client","TSC_PASS; runtime proof pending"
"7","web/src/app/announcements/page.tsx","37","AnnouncementsPage","findMany","wellWish","YES","YES","Authenticated session organizationId","withOrganizationContext(organizationId) and transaction client","Remediated: explicit authenticated organization and transaction client","B","Converted from bare prisma client to scoped transaction client","TSC_PASS; runtime proof pending"
"8","web/src/app/applications/[category]/page.tsx","68","ApplicationCategoryPage","findMany","application","YES","YES","Authenticated session organizationId","withOrganizationContext(organizationId) and transaction client","Remediated: explicit authenticated organization and transaction client","B","Converted from bare prisma client to scoped transaction client","TSC_PASS; runtime proof pending"
"9","web/src/app/applications/internalization/page.tsx","16","ApplicationInternalizationPage","count","application","YES","YES","Authenticated session organizationId","withOrganizationContext(organizationId) and transaction client","Remediated: explicit authenticated organization and transaction client","B","Converted from bare prisma client to scoped transaction client","TSC_PASS; runtime proof pending"
"10","web/src/app/applications/internalization/page.tsx","17","ApplicationInternalizationPage","count","application","YES","YES","Authenticated session organizationId","withOrganizationContext(organizationId) and transaction client","Remediated: explicit authenticated organization and transaction client","B","Converted from bare prisma client to scoped transaction client","TSC_PASS; runtime proof pending"
"11","web/src/app/applications/internalization/page.tsx","18","ApplicationInternalizationPage","count","application","YES","YES","Authenticated session organizationId","withOrganizationContext(organizationId) and transaction client","Remediated: explicit authenticated organization and transaction client","B","Converted from bare prisma client to scoped transaction client","TSC_PASS; runtime proof pending"
"12","web/src/app/applications/internalization/page.tsx","19","ApplicationInternalizationPage","count","application","YES","YES","Authenticated session organizationId","withOrganizationContext(organizationId) and transaction client","Remediated: explicit authenticated organization and transaction client","B","Converted from bare prisma client to scoped transaction client","TSC_PASS; runtime proof pending"
"13","web/src/app/applications/internalization/page.tsx","20","ApplicationInternalizationPage","count","application","YES","YES","Authenticated session organizationId","withOrganizationContext(organizationId) and transaction client","Remediated: explicit authenticated organization and transaction client","B","Converted from bare prisma client to scoped transaction client","TSC_PASS; runtime proof pending"
"14","web/src/app/applications/internalization/page.tsx","21","ApplicationInternalizationPage","count","application","YES","YES","Authenticated session organizationId","withOrganizationContext(organizationId) and transaction client","Remediated: explicit authenticated organization and transaction client","B","Converted from bare prisma client to scoped transaction client","TSC_PASS; runtime proof pending"
"15","web/src/app/applications/internalization/page.tsx","22","ApplicationInternalizationPage","count","application","YES","YES","Authenticated session organizationId","withOrganizationContext(organizationId) and transaction client","Remediated: explicit authenticated organization and transaction client","B","Converted from bare prisma client to scoped transaction client","TSC_PASS; runtime proof pending"
"16","web/src/app/applications/page.tsx","56","ApplicationsPage","findMany","application","YES","YES","Authenticated session organizationId","withOrganizationContext(organizationId) and transaction client","Remediated: explicit authenticated organization and transaction client","B","Converted from bare prisma client to scoped transaction client","TSC_PASS; runtime proof pending"
"17","web/src/app/applications/page.tsx","63","ApplicationsPage","findMany","application","YES","YES","Authenticated session organizationId","withOrganizationContext(organizationId) and transaction client","Remediated: explicit authenticated organization and transaction client","B","Converted from bare prisma client to scoped transaction client","TSC_PASS; runtime proof pending"
"18","web/src/app/athletes/[athleteId]/training/page.tsx","13","OperationsPage","findFirst","athlete","YES","YES","Authenticated session organizationId","withOrganizationContext(organizationId) and transaction client","Remediated: explicit authenticated organization and transaction client","B","Converted from bare prisma client to scoped transaction client","TSC_PASS; runtime proof pending"
"19","web/src/app/audit/page.tsx","7","AuditPage","findMany","auditLog","YES","YES","Authenticated session organizationId (Batch 7)","withOrganizationContext(organizationId) and transaction client","Remediated: explicit authenticated organization and transaction client","B","Batch 7: converted bare prisma read to a withOrganizationContext scoped transaction","PROVEN (empirical staging proof, stage55b-batch7); 2 same-org cases blocked to avoid mutating real Neon Ultra data"
"20","web/src/app/clubs/[id]/edit/page.tsx","19","EditClubPage","findMany","sport","NO","NO","Platform/global model by schema and current architecture","Platform/global access; no tenant context","Direct global Prisma access","C","None; retain platform/global semantics","CLASSIFIED_PLATFORM_GLOBAL"
"21","web/src/app/clubs/new/page.tsx","14","NewClubPage","findMany","sport","NO","NO","Platform/global model by schema and current architecture","Platform/global access; no tenant context","Direct global Prisma access","C","None; retain platform/global semantics","CLASSIFIED_PLATFORM_GLOBAL"
"22","web/src/app/coaches/[ultraStaffId]/page.tsx","14","OperationsPage","findFirst","staff","YES","YES","Authenticated session organizationId","withOrganizationContext(organizationId) and transaction client","Remediated: explicit authenticated organization and transaction client","B","Converted from bare prisma client to scoped transaction client","TSC_PASS; runtime proof pending"
"23","web/src/app/coaches/actions.ts","224","previewCoachPhotoImport","findMany","staff","YES","YES","Authenticated session organizationId (requirePermissionWithOrganization)","withOrganizationContext(organizationId) and transaction client","Remediated: explicit authenticated organization and transaction client (Stage 5.5B Batch 5)","B","Batch 6 matrix regeneration misattributed this row (wrong line/function - matched literal text inside a code comment, not a real Prisma call); corrected during Stage 5.5B Batch 6 reconciliation (2026-09-09). Code fix (Stage 5.5B Batch 5) verified unchanged and correct: requirePermissionWithOrganization + withOrganizationContext.","TSC_PASS; TESTS_466_PASS; RESTORED_2026-09-09_BATCH6_RECONCILIATION"
"283","web/src/app/coaches/actions.ts","294","applyCoachPhotoImport","findMany","staff","YES","YES","Authenticated session organizationId (requirePermissionWithOrganization)","withOrganizationContext(organizationId) and transaction client","Remediated: explicit authenticated organization and transaction client (Stage 5.5B Batch 5)","B","Batch 6 matrix regeneration misattributed this row (wrong line/function - matched literal text inside a code comment, not a real Prisma call); corrected during Stage 5.5B Batch 6 reconciliation (2026-09-09). Code fix (Stage 5.5B Batch 5) verified unchanged and correct: requirePermissionWithOrganization + withOrganizationContext. Row restored (was entirely dropped by the Batch 6 regeneration - candidate-discovery gap).","TSC_PASS; TESTS_466_PASS; RESTORED_2026-09-09_BATCH6_RECONCILIATION"
"24","web/src/app/coaches/assignments/page.tsx","27","OperationsPage","findMany","seasonClub","YES","YES","Authenticated session organizationId","withOrganizationContext(organizationId) and transaction client","Remediated: explicit authenticated organization and transaction client","B","Converted from bare prisma client to scoped transaction client","TSC_PASS; runtime proof pending"
"25","web/src/app/coaches/assignments/page.tsx","37","OperationsPage","findMany","staff","YES","YES","Authenticated session organizationId","withOrganizationContext(organizationId) and transaction client","Remediated: explicit authenticated organization and transaction client","B","Converted from bare prisma client to scoped transaction client","TSC_PASS; runtime proof pending"
"26","web/src/app/coaches/season-zero-selection/page.tsx","24","OperationsPage","findMany","application","YES","YES","Authenticated session organizationId","withOrganizationContext(organizationId) and transaction client","Remediated: explicit authenticated organization and transaction client","B","Converted from bare prisma client to scoped transaction client","TSC_PASS; runtime proof pending"
"27","web/src/app/coaches/season-zero-selection/page.tsx","32","OperationsPage","findMany","staff","YES","YES","Authenticated session organizationId","withOrganizationContext(organizationId) and transaction client","Remediated: explicit authenticated organization and transaction client","B","Converted from bare prisma client to scoped transaction client","TSC_PASS; runtime proof pending"
"28","web/src/app/content/actions.ts","38","OperationsPage","findFirst","contentTemplate","YES","YES","Authenticated session organizationId","withOrganizationContext(organizationId) and transaction client","Remediated: explicit authenticated organization and transaction client","B","Converted from bare prisma client to scoped transaction client","TSC_PASS; runtime proof pending"
"29","web/src/app/content/actions.ts","47","OperationsPage","findFirst","contentTemplate","YES","YES","Authenticated session organizationId","withOrganizationContext(organizationId) and transaction client","Remediated: explicit authenticated organization and transaction client","B","Converted from bare prisma client to scoped transaction client","TSC_PASS; runtime proof pending"
"30","web/src/app/content/actions.ts","57","OperationsPage","create","contentJob","YES","YES","Authenticated session organizationId","withOrganizationContext(organizationId) and transaction client","Remediated: explicit authenticated organization and transaction client","B","Converted from bare prisma client to scoped transaction client","TSC_PASS; runtime proof pending"
"31","web/src/app/content/actions.ts","113","OperationsPage","update","contentJob","YES","YES","Authenticated session organizationId","withOrganizationContext(organizationId) and transaction client","Remediated: explicit authenticated organization and transaction client","B","Converted from bare prisma client to scoped transaction client","TSC_PASS; runtime proof pending"
"32","web/src/app/display-monitoring/page.tsx","14","DisplayMonitoringPage","findMany","displayHeartbeat","YES","YES","Authenticated session organizationId (Batch 7)","withOrganizationContext(organizationId) and transaction client","Remediated: explicit authenticated organization and transaction client","B","Batch 7: converted bare prisma read to a withOrganizationContext scoped transaction","PROVEN (empirical staging proof, stage55b-batch7); 2 same-org cases blocked to avoid mutating real Neon Ultra data"
"33","web/src/app/documents/page.tsx","13","DocumentsPage","findMany","opsDocument","YES","YES","Authenticated session organizationId (Batch 7)","withOrganizationContext(organizationId) and transaction client","Remediated: explicit authenticated organization and transaction client","B","Batch 7: converted bare prisma read to a withOrganizationContext scoped transaction","PROVEN (empirical staging proof, stage55b-batch7); 2 same-org cases blocked to avoid mutating real Neon Ultra data"
"34","web/src/app/draft-cohort/page.tsx","23","OperationsPage","findMany","application","YES","YES","Authenticated session organizationId","withOrganizationContext(organizationId) and transaction client","Remediated: explicit authenticated organization and transaction client","B","Converted from bare prisma client to scoped transaction client","TSC_PASS; runtime proof pending"
"35","web/src/app/draft-cohort/page.tsx","40","OperationsPage","findMany","application","YES","YES","Authenticated session organizationId","withOrganizationContext(organizationId) and transaction client","Remediated: explicit authenticated organization and transaction client","B","Converted from bare prisma client to scoped transaction client","TSC_PASS; runtime proof pending"
"36","web/src/app/equipment/page.tsx","13","EquipmentPage","findMany","equipment","YES","YES","Authenticated session organizationId (Batch 7)","withOrganizationContext(organizationId) and transaction client","Remediated: explicit authenticated organization and transaction client","B","Batch 7: converted bare prisma read to a withOrganizationContext scoped transaction","PROVEN (empirical staging proof, stage55b-batch7); 2 same-org cases blocked to avoid mutating real Neon Ultra data"
"37","web/src/app/fixtures/[id]/edit/page.tsx","2","EditFixture","findMany","event","YES","YES","Authenticated session organizationId","withOrganizationContext(organizationId) and transaction client","Remediated: explicit authenticated organization and transaction client","B","Converted from bare prisma client to scoped transaction client","TSC_PASS; runtime proof pending"
"38","web/src/app/fixtures/[id]/page.tsx","25","FixturePage","findUnique","fixture","YES","YES","Authenticated session organizationId","withOrganizationContext(organizationId) and transaction client","Remediated: explicit authenticated organization and transaction client","B","Converted from bare prisma client to scoped transaction client","TSC_PASS; runtime proof pending"
"39","web/src/app/fixtures/new/page.tsx","2","NewFixture","findMany","event","YES","YES","Authenticated session organizationId","withOrganizationContext(organizationId) and transaction client","Remediated: explicit authenticated organization and transaction client","B","Converted from bare prisma client to scoped transaction client","TSC_PASS; runtime proof pending"
"40","web/src/app/fixtures/page.tsx","2","Fixtures","findMany","fixture","YES","YES","Authenticated session organizationId","withOrganizationContext(organizationId) and transaction client","Remediated: explicit authenticated organization and transaction client","B","Converted from bare prisma client to scoped transaction client","TSC_PASS; runtime proof pending"
"41","web/src/app/forgot-password/actions.ts","31","requestPasswordReset","findUnique","user","NO","NO","Platform/global model by schema and current architecture","Platform/global access; no tenant context","Direct global Prisma access","C","None; retain platform/global semantics","CLASSIFIED_PLATFORM_GLOBAL"
"42","web/src/app/gameday/checkin/page.tsx","22","GameDayCheckIn","findFirst","event","YES","YES","Authenticated session organizationId","withOrganizationContext(organizationId) and transaction client","Remediated: explicit authenticated organization and transaction client","B","Converted from bare prisma client to scoped transaction client","TSC_PASS; runtime proof pending"
"43","web/src/app/gameday/checkin/page.tsx","24","GameDayCheckIn","findFirst","season","YES","YES","Authenticated session organizationId","withOrganizationContext(organizationId) and transaction client","Remediated: explicit authenticated organization and transaction client","B","Converted from bare prisma client to scoped transaction client","TSC_PASS; runtime proof pending"
"44","web/src/app/gameday/checkin/page.tsx","26","GameDayCheckIn","findMany","seasonClub","YES","YES","Authenticated session organizationId","withOrganizationContext(organizationId) and transaction client","Remediated: explicit authenticated organization and transaction client","B","Converted from bare prisma client to scoped transaction client","TSC_PASS; runtime proof pending"
"45","web/src/app/gameday/page.tsx","28","GameDayControlCenter","findFirst","season","YES","YES","Authenticated session organizationId","withOrganizationContext(organizationId) and transaction client","Remediated: explicit authenticated organization and transaction client","B","Converted from bare prisma client to scoped transaction client","TSC_PASS; runtime proof pending"
"46","web/src/app/gameday/page.tsx","30","GameDayControlCenter","findMany","fixture","YES","YES","Authenticated session organizationId","withOrganizationContext(organizationId) and transaction client","Remediated: explicit authenticated organization and transaction client","B","Converted from bare prisma client to scoped transaction client","TSC_PASS; runtime proof pending"
"47","web/src/app/gameday/page.tsx","67","GameDayControlCenter","findMany","auditLog","YES","YES","Authenticated session organizationId","withOrganizationContext(organizationId) and transaction client","Remediated: explicit authenticated organization and transaction client","B","Converted from bare prisma client to scoped transaction client","TSC_PASS; runtime proof pending"
"48","web/src/app/gameday/page.tsx","88","GameDayControlCenter","findFirst","event","YES","YES","Authenticated session organizationId","withOrganizationContext(organizationId) and transaction client","Remediated: explicit authenticated organization and transaction client","B","Converted from bare prisma client to scoped transaction client","TSC_PASS; runtime proof pending"
"49","web/src/app/gameday/page.tsx","91","GameDayControlCenter","findMany","seasonClub","YES","YES","Authenticated session organizationId","withOrganizationContext(organizationId) and transaction client","Remediated: explicit authenticated organization and transaction client","B","Converted from bare prisma client to scoped transaction client","TSC_PASS; runtime proof pending"
"50","web/src/app/games/[fixtureId]/live/page.tsx","37","Live","findUnique","fixture","YES","YES","Authenticated session organizationId","withOrganizationContext(organizationId) and transaction client","Remediated: explicit authenticated organization and transaction client","B","Converted from bare prisma client to scoped transaction client","TSC_PASS; runtime proof pending"
"51","web/src/app/games/[fixtureId]/live/page.tsx","62","Live","findMany","auditLog","YES","YES","Authenticated session organizationId","withOrganizationContext(organizationId) and transaction client","Remediated: explicit authenticated organization and transaction client","B","Converted from bare prisma client to scoped transaction client","TSC_PASS; runtime proof pending"
"52","web/src/app/games/[fixtureId]/stats/page.tsx","45","StatisticianConsole","findUnique","fixture","YES","YES","Authenticated session organizationId","withOrganizationContext(organizationId) and transaction client","Remediated: explicit authenticated organization and transaction client","B","Converted from bare prisma client to scoped transaction client","TSC_PASS; runtime proof pending"
"53","web/src/app/games/[fixtureId]/stats/page.tsx","73","StatisticianConsole","findMany","gameEvent","YES","YES","Authenticated session organizationId","withOrganizationContext(organizationId) and transaction client","Remediated: explicit authenticated organization and transaction client","B","Converted from bare prisma client to scoped transaction client","TSC_PASS; runtime proof pending"
"54","web/src/app/games/[fixtureId]/stats/page.tsx","84","StatisticianConsole","findMany","gameStarter","YES","YES","Authenticated session organizationId","withOrganizationContext(organizationId) and transaction client","Remediated: explicit authenticated organization and transaction client","B","Converted from bare prisma client to scoped transaction client","TSC_PASS; runtime proof pending"
"55","web/src/app/games/[fixtureId]/stats/page.tsx","85","StatisticianConsole","findMany","gameEvent","YES","YES","Authenticated session organizationId","withOrganizationContext(organizationId) and transaction client","Remediated: explicit authenticated organization and transaction client","B","Converted from bare prisma client to scoped transaction client","TSC_PASS; runtime proof pending"
"56","web/src/app/games/[fixtureId]/stats/reconciliation/page.tsx","40","ReconciliationPage","findUnique","fixture","YES","YES","Authenticated session organizationId","withOrganizationContext(organizationId) and transaction client","Remediated: explicit authenticated organization and transaction client","B","Converted from bare prisma client to scoped transaction client","TSC_PASS; runtime proof pending"
"57","web/src/app/incidents/page.tsx","14","IncidentsPage","findMany","incident","YES","YES","Authenticated session organizationId (Batch 7)","withOrganizationContext(organizationId) and transaction client","Remediated: explicit authenticated organization and transaction client","B","Batch 7: converted bare prisma read to a withOrganizationContext scoped transaction","PROVEN (empirical staging proof, stage55b-batch7); 2 same-org cases blocked to avoid mutating real Neon Ultra data"
"58","web/src/app/launch-readiness/page.tsx","19","LaunchReadinessPage","findMany","launchReadinessCheck","YES","YES","Authenticated session organizationId","withOrganizationContext(organizationId) and transaction client","Remediated: explicit authenticated organization and transaction client","B","Converted from bare prisma client to scoped transaction client","TSC_PASS; runtime proof pending"
"59","web/src/app/media/[assetId]/page.tsx","15","OperationsPage","findUnique","mediaAsset","YES","YES","Authenticated session organizationId","withOrganizationContext(organizationId) and transaction client","Remediated: explicit authenticated organization and transaction client","B","Converted from bare prisma client to scoped transaction client","TSC_PASS; runtime proof pending"
"60","web/src/app/media/page.tsx","14","OperationsPage","findMany","mediaAsset","YES","YES","Authenticated session organizationId","withOrganizationContext(organizationId) and transaction client","Remediated: explicit authenticated organization and transaction client","B","Converted from bare prisma client to scoped transaction client","TSC_PASS; runtime proof pending"
"61","web/src/app/media/page.tsx","19","OperationsPage","groupBy","mediaAsset","YES","YES","Authenticated session organizationId","withOrganizationContext(organizationId) and transaction client","Remediated: explicit authenticated organization and transaction client","B","Converted from bare prisma client to scoped transaction client","TSC_PASS; runtime proof pending"
"62","web/src/app/notifications/page.tsx","14","NotificationsPage","findMany","opsNotification","YES","YES","Authenticated session organizationId (Batch 7)","withOrganizationContext(organizationId) and transaction client","Remediated: explicit authenticated organization and transaction client","B","Batch 7: converted bare prisma read to a withOrganizationContext scoped transaction","PROVEN (empirical staging proof, stage55b-batch7); 2 same-org cases blocked to avoid mutating real Neon Ultra data"
"63","web/src/app/novelty-matches/[matchId]/live/page.tsx","25","OperationsPage","findUnique","noveltyMatch","YES","YES","Authenticated session organizationId","withOrganizationContext(organizationId) and transaction client","Remediated: explicit authenticated organization and transaction client","B","Converted from bare prisma client to scoped transaction client","TSC_PASS; runtime proof pending"
"64","web/src/app/novelty-matches/[matchId]/live/page.tsx","44","OperationsPage","findMany","player","YES","YES","Authenticated session organizationId","withOrganizationContext(organizationId) and transaction client","Remediated: explicit authenticated organization and transaction client","B","Converted from bare prisma client to scoped transaction client","TSC_PASS; runtime proof pending"
"65","web/src/app/novelty-matches/actions.ts","75","OperationsPage","findUniqueOrThrow","noveltyGame","YES","YES","Authenticated session organizationId","withOrganizationContext(organizationId) and transaction client","Remediated: explicit authenticated organization and transaction client","B","Converted from bare prisma client to scoped transaction client","TSC_PASS; runtime proof pending"
"66","web/src/app/novelty-matches/actions.ts","78","OperationsPage","update","noveltyGame","YES","YES","Authenticated session organizationId","withOrganizationContext(organizationId) and transaction client","Remediated: explicit authenticated organization and transaction client","B","Converted from bare prisma client to scoped transaction client","TSC_PASS; runtime proof pending"
"67","web/src/app/novelty-matches/actions.ts","84","OperationsPage","findUniqueOrThrow","noveltyGame","YES","YES","Authenticated session organizationId","withOrganizationContext(organizationId) and transaction client","Remediated: explicit authenticated organization and transaction client","B","Converted from bare prisma client to scoped transaction client","TSC_PASS; runtime proof pending"
"68","web/src/app/novelty-matches/actions.ts","87","OperationsPage","update","noveltyGame","YES","YES","Authenticated session organizationId","withOrganizationContext(organizationId) and transaction client","Remediated: explicit authenticated organization and transaction client","B","Converted from bare prisma client to scoped transaction client","TSC_PASS; runtime proof pending"
"69","web/src/app/novelty-matches/actions.ts","93","OperationsPage","findUniqueOrThrow","noveltyGame","YES","YES","Authenticated session organizationId","withOrganizationContext(organizationId) and transaction client","Remediated: explicit authenticated organization and transaction client","B","Converted from bare prisma client to scoped transaction client","TSC_PASS; runtime proof pending"
"70","web/src/app/novelty-matches/actions.ts","95","OperationsPage","update","noveltyGame","YES","YES","Authenticated session organizationId","withOrganizationContext(organizationId) and transaction client","Remediated: explicit authenticated organization and transaction client","B","Converted from bare prisma client to scoped transaction client","TSC_PASS; runtime proof pending"
"71","web/src/app/novelty-matches/actions.ts","217","OperationsPage","findUniqueOrThrow","noveltyGame","YES","YES","Authenticated session organizationId","withOrganizationContext(organizationId) and transaction client","Remediated: explicit authenticated organization and transaction client","B","Converted from bare prisma client to scoped transaction client","TSC_PASS; runtime proof pending"
"72","web/src/app/novelty-matches/page.tsx","18","OperationsPage","findMany","noveltyMatch","YES","YES","Authenticated session organizationId","withOrganizationContext(organizationId) and transaction client","Remediated: explicit authenticated organization and transaction client","B","Converted from bare prisma client to scoped transaction client","TSC_PASS; runtime proof pending"
"73","web/src/app/novelty-matches/page.tsx","19","OperationsPage","findMany","noveltyTeam","YES","YES","Authenticated session organizationId","withOrganizationContext(organizationId) and transaction client","Remediated: explicit authenticated organization and transaction client","B","Converted from bare prisma client to scoped transaction client","TSC_PASS; runtime proof pending"
"74","web/src/app/novelty-matches/page.tsx","20","OperationsPage","findMany","event","YES","YES","Authenticated session organizationId","withOrganizationContext(organizationId) and transaction client","Remediated: explicit authenticated organization and transaction client","B","Converted from bare prisma client to scoped transaction client","TSC_PASS; runtime proof pending"
"75","web/src/app/novelty-matches/page.tsx","21","OperationsPage","findMany","venue","YES","YES","Authenticated session organizationId","withOrganizationContext(organizationId) and transaction client","Remediated: explicit authenticated organization and transaction client","B","Converted from bare prisma client to scoped transaction client","TSC_PASS; runtime proof pending"
"76","web/src/app/participants/offline-intake/page.tsx","22","OperationsPage","findMany","season","YES","YES","Authenticated session organizationId","withOrganizationContext(organizationId) and transaction client","Remediated: explicit authenticated organization and transaction client","B","Converted from bare prisma client to scoped transaction client","TSC_PASS; runtime proof pending"
"77","web/src/app/participants/offline-intake/page.tsx","23","OperationsPage","findMany","adminOfflineIntake","YES","YES","Authenticated session organizationId","withOrganizationContext(organizationId) and transaction client","Remediated: explicit authenticated organization and transaction client","B","Converted from bare prisma client to scoped transaction client","TSC_PASS; runtime proof pending"
"78","web/src/app/participants/search/page.tsx","30","OperationsPage","findMany","athlete","YES","YES","Authenticated session organizationId","withOrganizationContext(organizationId) and transaction client","Remediated: explicit authenticated organization and transaction client","B","Converted from bare prisma client to scoped transaction client","TSC_PASS; runtime proof pending"
"79","web/src/app/participants/search/page.tsx","39","OperationsPage","findMany","staff","YES","YES","Authenticated session organizationId","withOrganizationContext(organizationId) and transaction client","Remediated: explicit authenticated organization and transaction client","B","Converted from bare prisma client to scoped transaction client","TSC_PASS; runtime proof pending"
"80","web/src/app/player-registrations/[id]/edit/page.tsx","3","OperationsPage","findMany","seasonClub","YES","YES","Authenticated session organizationId","withOrganizationContext(organizationId) and transaction client","Remediated: explicit authenticated organization and transaction client","B","Converted from bare prisma client to scoped transaction client","TSC_PASS; runtime proof pending"
"81","web/src/app/players/[id]/edit/page.tsx","3","OperationsPage","findUnique","athlete","YES","YES","Authenticated session organizationId","withOrganizationContext(organizationId) and transaction client","Remediated: explicit authenticated organization and transaction client","B","Converted from bare prisma client to scoped transaction client","TSC_PASS; runtime proof pending"
"82","web/src/app/players/[id]/page.tsx","27","OperationsPage","findFirst","athlete","YES","YES","Authenticated session organizationId","withOrganizationContext(organizationId) and transaction client","Remediated: explicit authenticated organization and transaction client","B","Converted from bare prisma client to scoped transaction client","TSC_PASS; runtime proof pending"
"83","web/src/app/players/[id]/seasons/new/page.tsx","3","OperationsPage","findMany","seasonClub","YES","YES","Authenticated session organizationId","withOrganizationContext(organizationId) and transaction client","Remediated: explicit authenticated organization and transaction client","B","Converted from bare prisma client to scoped transaction client","TSC_PASS; runtime proof pending"
"84","web/src/app/players/actions.ts","79","player actions","update","athlete","YES","YES","Authenticated session organizationId","withOrganizationContext(organizationId) and transaction client","Remediated: explicit authenticated organization and transaction client","B","Converted from bare prisma client to scoped transaction client","TSC_PASS; runtime proof pending"
"85","web/src/app/players/actions.ts","104","player actions","findFirst","seasonClub","YES","YES","Authenticated session organizationId","withOrganizationContext(organizationId) and transaction client","Remediated: explicit authenticated organization and transaction client","B","Converted from bare prisma client to scoped transaction client","TSC_PASS; runtime proof pending"
"86","web/src/app/players/actions.ts","123","player actions","create","player","YES","YES","Authenticated session organizationId","withOrganizationContext(organizationId) and transaction client","Remediated: explicit authenticated organization and transaction client","B","Converted from bare prisma client to scoped transaction client","TSC_PASS; runtime proof pending"
"87","web/src/app/players/actions.ts","151","player actions","findUnique","player","YES","YES","Authenticated session organizationId","withOrganizationContext(organizationId) and transaction client","Remediated: explicit authenticated organization and transaction client","B","Converted from bare prisma client to scoped transaction client","TSC_PASS; runtime proof pending"
"88","web/src/app/players/actions.ts","165","player actions","update","player","YES","YES","Authenticated session organizationId","withOrganizationContext(organizationId) and transaction client","Remediated: explicit authenticated organization and transaction client","B","Converted from bare prisma client to scoped transaction client","TSC_PASS; runtime proof pending"
"89","web/src/app/players/actions.ts","188","player actions","count","player","YES","YES","Authenticated session organizationId","withOrganizationContext(organizationId) and transaction client","Remediated: explicit authenticated organization and transaction client","B","Converted from bare prisma client to scoped transaction client","TSC_PASS; runtime proof pending"
"90","web/src/app/players/actions.ts","191","player actions","delete","athlete","YES","YES","Authenticated session organizationId","withOrganizationContext(organizationId) and transaction client","Remediated: explicit authenticated organization and transaction client","B","Converted from bare prisma client to scoped transaction client","TSC_PASS; runtime proof pending"
"91","web/src/app/players/actions.ts","198","player actions","findUniqueOrThrow","player","YES","YES","Authenticated session organizationId","withOrganizationContext(organizationId) and transaction client","Remediated: explicit authenticated organization and transaction client","B","Converted from bare prisma client to scoped transaction client","TSC_PASS; runtime proof pending"
"92","web/src/app/players/actions.ts","205","player actions","update","player","YES","YES","Authenticated session organizationId","withOrganizationContext(organizationId) and transaction client","Remediated: explicit authenticated organization and transaction client","B","Converted from bare prisma client to scoped transaction client","TSC_PASS; runtime proof pending"
"93","web/src/app/players/actions.ts","210","player actions","delete","player","YES","YES","Authenticated session organizationId","withOrganizationContext(organizationId) and transaction client","Remediated: explicit authenticated organization and transaction client","B","Converted from bare prisma client to scoped transaction client","TSC_PASS; runtime proof pending"
"94","web/src/app/players/actions.ts","226","player actions","findUnique","player","YES","YES","Authenticated session organizationId","withOrganizationContext(organizationId) and transaction client","Remediated: explicit authenticated organization and transaction client","B","Converted from bare prisma client to scoped transaction client","TSC_PASS; runtime proof pending"
"95","web/src/app/players/actions.ts","292","player actions","findMany","athlete","YES","YES","Authenticated session organizationId","withOrganizationContext(organizationId) and transaction client","Remediated: explicit authenticated organization and transaction client","B","Converted from bare prisma client to scoped transaction client","TSC_PASS; runtime proof pending"
"96","web/src/app/players/page.tsx","14","OperationsPage","findMany","athlete","YES","YES","Authenticated session organizationId","withOrganizationContext(organizationId) and transaction client","Remediated: explicit authenticated organization and transaction client","B","Converted from bare prisma client to scoped transaction client","TSC_PASS; runtime proof pending"
"97","web/src/app/public/celebrations/actions.ts","21","submitWellWish","findUniqueOrThrow","announcement","YES","YES","Public Neon Ultra organization via resolveDefaultPublicOrganization() (Batch 7)","resolveDefaultPublicOrganization() then withOrganizationContext(organizationId)","Remediated: explicit public organization context","B","Batch 7: replaced bare announcement seed read with Pattern D public organization resolution","PROVEN (empirical staging proof, stage55b-batch7); 2 same-org cases blocked to avoid mutating real Neon Ultra data"
"98","web/src/app/rehearsal/broadcast/[fixtureId]/page.tsx","21","RehearsalBroadcast","findUnique","fixture","YES","YES","Authenticated session organizationId (Batch 7)","withOrganizationContext(organizationId) and transaction client","Remediated: explicit authenticated organization and transaction client","B","Batch 7: converted bare prisma read to a withOrganizationContext scoped transaction","PROVEN (empirical staging proof, stage55b-batch7); 2 same-org cases blocked to avoid mutating real Neon Ultra data"
"99","web/src/app/rehearsal/live/[fixtureId]/page.tsx","23","RehearsalLive","findUnique","fixture","YES","YES","Authenticated session organizationId (Batch 7)","withOrganizationContext(organizationId) and transaction client","Remediated: explicit authenticated organization and transaction client","B","Batch 7: converted bare prisma read to a withOrganizationContext scoped transaction","PROVEN (empirical staging proof, stage55b-batch7); 2 same-org cases blocked to avoid mutating real Neon Ultra data"
"100","web/src/app/rehearsals/page.tsx","13","RehearsalsPage","findMany","rehearsal","YES","YES","Authenticated session organizationId (Batch 7)","withOrganizationContext(organizationId) and transaction client","Remediated: explicit authenticated organization and transaction client","B","Batch 7: converted bare prisma read to a withOrganizationContext scoped transaction","PROVEN (empirical staging proof, stage55b-batch7); 2 same-org cases blocked to avoid mutating real Neon Ultra data"
"101","web/src/app/runbooks/page.tsx","15","RunbooksPage","findMany","operationalChecklist","YES","YES","Authenticated session organizationId (Batch 7)","withOrganizationContext(organizationId) and transaction client","Remediated: explicit authenticated organization and transaction client","B","Batch 7: converted bare prisma read to a withOrganizationContext scoped transaction","PROVEN (empirical staging proof, stage55b-batch7); 2 same-org cases blocked to avoid mutating real Neon Ultra data"
"102","web/src/app/runbooks/page.tsx","16","RunbooksPage","findMany","runbook","YES","YES","Authenticated session organizationId (Batch 7)","withOrganizationContext(organizationId) and transaction client","Remediated: explicit authenticated organization and transaction client","B","Batch 7: converted bare prisma read to a withOrganizationContext scoped transaction","PROVEN (empirical staging proof, stage55b-batch7); 2 same-org cases blocked to avoid mutating real Neon Ultra data"
"103","web/src/app/signup/support-club/page.tsx","23","OperationsPage","findFirst","fanMembership","YES","YES","Authenticated session organizationId","withOrganizationContext(organizationId) and transaction client","Remediated: explicit authenticated organization and transaction client","B","Converted from bare prisma client to scoped transaction client","TSC_PASS; runtime proof pending"
"104","web/src/app/signup/support-club/page.tsx","26","OperationsPage","findMany","fanClub","YES","YES","Authenticated session organizationId","withOrganizationContext(organizationId) and transaction client","Remediated: explicit authenticated organization and transaction client","B","Converted from bare prisma client to scoped transaction client","TSC_PASS; runtime proof pending"
"105","web/src/app/staff-planner/page.tsx","13","OperationsPage","findMany","eventStaffAssignment","YES","YES","Authenticated session organizationId","withOrganizationContext(organizationId) and transaction client","Remediated: explicit authenticated organization and transaction client","B","Converted from bare prisma client to scoped transaction client","TSC_PASS; runtime proof pending"
"106","web/src/app/standings/page.tsx","30","Standings","findMany","standing","YES","YES","Authenticated session organizationId; read already scoped","withOrganizationContext(organizationId); row type derived from Prisma payload","Remediated: row type no longer references the bare prisma client","B","Batch 7 type-only correction: Awaited<ReturnType<typeof prisma.standing.findMany>> replaced with Prisma.StandingGetPayload (read already scoped)","CODE_INSPECTION_ONLY (type-only); TSC_PASS"
"107","web/src/app/tasks/page.tsx","15","TasksPage","findMany","opsTask","YES","YES","Authenticated session organizationId (Batch 7)","withOrganizationContext(organizationId) and transaction client","Remediated: explicit authenticated organization and transaction client","B","Batch 7: converted bare prisma read to a withOrganizationContext scoped transaction","PROVEN (empirical staging proof, stage55b-batch7); 2 same-org cases blocked to avoid mutating real Neon Ultra data"
"108","web/src/app/training/[sessionId]/page.tsx","14","OperationsPage","findUnique","trainingSession","YES","YES","Authenticated session organizationId","withOrganizationContext(organizationId) and transaction client","Remediated: explicit authenticated organization and transaction client","B","Converted from bare prisma client to scoped transaction client","TSC_PASS; runtime proof pending"
"109","web/src/app/training/actions.ts","27","createTrainingSession","create","trainingSession","YES","YES","Authenticated session organizationId (requirePermissionWithOrganization)","withOrganizationContext(organizationId) and transaction client","Remediated: explicit authenticated organization and transaction client (Stage 5.5B Batch 5)","B","Batch 6 matrix regeneration misattributed this row (wrong line/function - matched literal text inside a code comment, not a real Prisma call); corrected during Stage 5.5B Batch 6 reconciliation (2026-09-09). Code fix (Stage 5.5B Batch 5) verified unchanged and correct: requirePermissionWithOrganization + withOrganizationContext.","TSC_PASS; TESTS_466_PASS; RESTORED_2026-09-09_BATCH6_RECONCILIATION"
"110","web/src/app/training/actions.ts","58","recordTrainingAttendance","upsert","athleteTrainingRecord","YES","YES","Authenticated session organizationId (requirePermissionWithOrganization)","withOrganizationContext(organizationId) and transaction client","Remediated: explicit authenticated organization and transaction client (Stage 5.5B Batch 5)","B","Batch 6 matrix regeneration misattributed this row (wrong line/function - matched literal text inside a code comment, not a real Prisma call); corrected during Stage 5.5B Batch 6 reconciliation (2026-09-09). Code fix (Stage 5.5B Batch 5) verified unchanged and correct: requirePermissionWithOrganization + withOrganizationContext.","TSC_PASS; TESTS_466_PASS; RESTORED_2026-09-09_BATCH6_RECONCILIATION"
"111","web/src/app/training/new/page.tsx","13","OperationsPage","findMany","seasonClub","YES","YES","Authenticated session organizationId","withOrganizationContext(organizationId) and transaction client","Remediated: explicit authenticated organization and transaction client","B","Converted from bare prisma client to scoped transaction client","TSC_PASS; runtime proof pending"
"112","web/src/app/training/page.tsx","12","OperationsPage","findMany","trainingSession","YES","YES","Authenticated session organizationId","withOrganizationContext(organizationId) and transaction client","Remediated: explicit authenticated organization and transaction client","B","Converted from bare prisma client to scoped transaction client","TSC_PASS; runtime proof pending"
"113","web/src/auth.ts","18","getSessionUser","findUnique","user","NO","NO","Platform/global model by schema and current architecture","Platform/global access; no tenant context","Direct global Prisma access","C","None; retain platform/global semantics","CLASSIFIED_PLATFORM_GLOBAL"
"114","web/src/auth.ts","51","upsertGoogleUser","upsert","user","NO","NO","Platform/global model by schema and current architecture","Platform/global access; no tenant context","Direct global Prisma access","C","None; retain platform/global semantics","CLASSIFIED_PLATFORM_GLOBAL"
"115","web/src/auth.ts","76","upsertGoogleUser","findUnique","organization","NO","NO","Platform/global model by schema and current architecture","Platform/global access; no tenant context","Direct global Prisma access","C","None; retain platform/global semantics","CLASSIFIED_PLATFORM_GLOBAL"
"116","web/src/auth.ts","102","upsertGoogleUser","findUnique","user","NO","NO","Platform/global model by schema and current architecture","Platform/global access; no tenant context","Direct global Prisma access","C","None; retain platform/global semantics","CLASSIFIED_PLATFORM_GLOBAL"
"117","web/src/lib/admin-offline-intake.ts","48","OperationsPage","findMany","staff","YES","YES","Authenticated session organizationId","withOrganizationContext(organizationId) and transaction client","Remediated: explicit authenticated organization and transaction client","B","Converted from bare prisma client to scoped transaction client","TSC_PASS; runtime proof pending"
"118","web/src/lib/admin-offline-intake.ts","59","searchExistingIdentity","findMany","user","NO","NO","Platform/global model by schema and current architecture","Platform/global access; no tenant context","Direct global Prisma access","C","None; retain platform/global semantics","CLASSIFIED_PLATFORM_GLOBAL"
"119","web/src/lib/admin-offline-intake.ts","76","OperationsPage","findMany","adminOfflineIntake","YES","YES","Authenticated session organizationId","withOrganizationContext(organizationId) and transaction client","Remediated: explicit authenticated organization and transaction client","B","Converted from bare prisma client to scoped transaction client","TSC_PASS; runtime proof pending"
"120","web/src/lib/all-star-teams.ts","71","getAllStarTeams","findMany","systemSetting","YES","YES","Authenticated session organizationId (Batch 7); scoped db/organizationId passed into library","withOrganizationContext(organizationId); scoped db passed into library","Remediated: library functions accept a scoped transaction client","B","Batch 7: library functions take an explicit scoped db/organizationId; writes run in withOrganizationContext","PROVEN (empirical staging proof, stage55b-batch7); 2 same-org cases blocked to avoid mutating real Neon Ultra data"
"121","web/src/lib/all-star-teams.ts","109","getAllStarCandidatePool","findFirst","season","YES","YES","Authenticated session organizationId (Batch 7); scoped db/organizationId passed into library","withOrganizationContext(organizationId); scoped db passed into library","Remediated: library functions accept a scoped transaction client","B","Batch 7: library functions take an explicit scoped db/organizationId; writes run in withOrganizationContext","PROVEN (empirical staging proof, stage55b-batch7); 2 same-org cases blocked to avoid mutating real Neon Ultra data"
"122","web/src/lib/all-star-teams.ts","112","getAllStarCandidatePool","findMany","player","YES","YES","Authenticated session organizationId (Batch 7); scoped db/organizationId passed into library","withOrganizationContext(organizationId); scoped db passed into library","Remediated: library functions accept a scoped transaction client","B","Batch 7: library functions take an explicit scoped db/organizationId; writes run in withOrganizationContext","PROVEN (empirical staging proof, stage55b-batch7); 2 same-org cases blocked to avoid mutating real Neon Ultra data"
"123","web/src/lib/all-star-teams.ts","119","getAllStarCandidatePool","findMany","seasonClub","YES","YES","Authenticated session organizationId (Batch 7); scoped db/organizationId passed into library","withOrganizationContext(organizationId); scoped db passed into library","Remediated: library functions accept a scoped transaction client","B","Batch 7: library functions take an explicit scoped db/organizationId; writes run in withOrganizationContext","PROVEN (empirical staging proof, stage55b-batch7); 2 same-org cases blocked to avoid mutating real Neon Ultra data"
"124","web/src/lib/announcements.ts","34","getCelebrantsForMonth","findMany","player","YES","YES","Authenticated session organizationId","withOrganizationContext(organizationId) and transaction client","Remediated: explicit authenticated organization and transaction client","B","Converted from bare prisma client to scoped transaction client","TSC_PASS; runtime proof pending"
"125","web/src/lib/broadcast-presentation-state.ts","31","OperationsPage","upsert","systemSetting","YES","YES","Authenticated session organizationId","withOrganizationContext(organizationId) and transaction client","Remediated: explicit authenticated organization and transaction client","B","Converted from bare prisma client to scoped transaction client","TSC_PASS; runtime proof pending"
"126","web/src/lib/broadcast-presentation-state.ts","51","OperationsPage","create","auditLog","YES","YES","Authenticated session organizationId","withOrganizationContext(organizationId) and transaction client","Remediated: explicit authenticated organization and transaction client","B","Converted from bare prisma client to scoped transaction client","TSC_PASS; runtime proof pending"
"127","web/src/lib/broadcast-presentation-state.ts","67","OperationsPage","create","auditLog","YES","YES","Authenticated session organizationId","withOrganizationContext(organizationId) and transaction client","Remediated: explicit authenticated organization and transaction client","B","Converted from bare prisma client to scoped transaction client","TSC_PASS; runtime proof pending"
"128","web/src/lib/data-hygiene.ts","15","auditRealData","count","club","YES","YES","Platform-global by design (data-hygiene residue/purge diagnostic; established Stage 5.2B-2/5.2C/5.2D/5.5B-Batch-4 precedent and data-readiness/page.tsx doc comment)","None; must remain cross-tenant to detect residue across all organizations","Bare prisma client, gated by requirePlatformPermission(""data:readiness"") at the caller (page/export route) since Stage 5.2D; purgePlan is CLI-only (scripts/data-purge-plan.ts), never web-routed","C","RESTORED E->C after Batch 6 matrix regeneration incorrectly reverted this Batch-4 classification (Stage 5.5B Batch 6 reconciliation, 2026-09-09): tenant-scoping would defeat this tool's purpose (finding residue in ANY organization, including a rehearsal org); access is already platform-permission-gated, not merely role-name-gated. See PHASE1_STAGE5_5B_MATRIX_RECONCILIATION.md.","CLASSIFIED_PLATFORM_GLOBAL; RESTORED_2026-09-09_BATCH6_RECONCILIATION"
"129","web/src/lib/data-hygiene.ts","16","auditRealData","count","athlete","YES","YES","Platform-global by design (data-hygiene residue/purge diagnostic; established Stage 5.2B-2/5.2C/5.2D/5.5B-Batch-4 precedent and data-readiness/page.tsx doc comment)","None; must remain cross-tenant to detect residue across all organizations","Bare prisma client, gated by requirePlatformPermission(""data:readiness"") at the caller (page/export route) since Stage 5.2D; purgePlan is CLI-only (scripts/data-purge-plan.ts), never web-routed","C","RESTORED E->C after Batch 6 matrix regeneration incorrectly reverted this Batch-4 classification (Stage 5.5B Batch 6 reconciliation, 2026-09-09): tenant-scoping would defeat this tool's purpose (finding residue in ANY organization, including a rehearsal org); access is already platform-permission-gated, not merely role-name-gated. See PHASE1_STAGE5_5B_MATRIX_RECONCILIATION.md.","CLASSIFIED_PLATFORM_GLOBAL; RESTORED_2026-09-09_BATCH6_RECONCILIATION"
"130","web/src/lib/data-hygiene.ts","17","auditRealData","count","staff","YES","YES","Platform-global by design (data-hygiene residue/purge diagnostic; established Stage 5.2B-2/5.2C/5.2D/5.5B-Batch-4 precedent and data-readiness/page.tsx doc comment)","None; must remain cross-tenant to detect residue across all organizations","Bare prisma client, gated by requirePlatformPermission(""data:readiness"") at the caller (page/export route) since Stage 5.2D; purgePlan is CLI-only (scripts/data-purge-plan.ts), never web-routed","C","RESTORED E->C after Batch 6 matrix regeneration incorrectly reverted this Batch-4 classification (Stage 5.5B Batch 6 reconciliation, 2026-09-09): tenant-scoping would defeat this tool's purpose (finding residue in ANY organization, including a rehearsal org); access is already platform-permission-gated, not merely role-name-gated. See PHASE1_STAGE5_5B_MATRIX_RECONCILIATION.md.","CLASSIFIED_PLATFORM_GLOBAL; RESTORED_2026-09-09_BATCH6_RECONCILIATION"
"131","web/src/lib/data-hygiene.ts","18","auditRealData","count","event","YES","YES","Platform-global by design (data-hygiene residue/purge diagnostic; established Stage 5.2B-2/5.2C/5.2D/5.5B-Batch-4 precedent and data-readiness/page.tsx doc comment)","None; must remain cross-tenant to detect residue across all organizations","Bare prisma client, gated by requirePlatformPermission(""data:readiness"") at the caller (page/export route) since Stage 5.2D; purgePlan is CLI-only (scripts/data-purge-plan.ts), never web-routed","C","RESTORED E->C after Batch 6 matrix regeneration incorrectly reverted this Batch-4 classification (Stage 5.5B Batch 6 reconciliation, 2026-09-09): tenant-scoping would defeat this tool's purpose (finding residue in ANY organization, including a rehearsal org); access is already platform-permission-gated, not merely role-name-gated. See PHASE1_STAGE5_5B_MATRIX_RECONCILIATION.md.","CLASSIFIED_PLATFORM_GLOBAL; RESTORED_2026-09-09_BATCH6_RECONCILIATION"
"132","web/src/lib/data-hygiene.ts","19","auditRealData","count","club","YES","YES","Platform-global by design (data-hygiene residue/purge diagnostic; established Stage 5.2B-2/5.2C/5.2D/5.5B-Batch-4 precedent and data-readiness/page.tsx doc comment)","None; must remain cross-tenant to detect residue across all organizations","Bare prisma client, gated by requirePlatformPermission(""data:readiness"") at the caller (page/export route) since Stage 5.2D; purgePlan is CLI-only (scripts/data-purge-plan.ts), never web-routed","C","RESTORED E->C after Batch 6 matrix regeneration incorrectly reverted this Batch-4 classification (Stage 5.5B Batch 6 reconciliation, 2026-09-09): tenant-scoping would defeat this tool's purpose (finding residue in ANY organization, including a rehearsal org); access is already platform-permission-gated, not merely role-name-gated. See PHASE1_STAGE5_5B_MATRIX_RECONCILIATION.md.","CLASSIFIED_PLATFORM_GLOBAL; RESTORED_2026-09-09_BATCH6_RECONCILIATION"
"133","web/src/lib/data-hygiene.ts","20","auditRealData","count","athlete","YES","YES","Platform-global by design (data-hygiene residue/purge diagnostic; established Stage 5.2B-2/5.2C/5.2D/5.5B-Batch-4 precedent and data-readiness/page.tsx doc comment)","None; must remain cross-tenant to detect residue across all organizations","Bare prisma client, gated by requirePlatformPermission(""data:readiness"") at the caller (page/export route) since Stage 5.2D; purgePlan is CLI-only (scripts/data-purge-plan.ts), never web-routed","C","RESTORED E->C after Batch 6 matrix regeneration incorrectly reverted this Batch-4 classification (Stage 5.5B Batch 6 reconciliation, 2026-09-09): tenant-scoping would defeat this tool's purpose (finding residue in ANY organization, including a rehearsal org); access is already platform-permission-gated, not merely role-name-gated. See PHASE1_STAGE5_5B_MATRIX_RECONCILIATION.md.","CLASSIFIED_PLATFORM_GLOBAL; RESTORED_2026-09-09_BATCH6_RECONCILIATION"
"134","web/src/lib/data-hygiene.ts","21","auditRealData","count","staff","YES","YES","Platform-global by design (data-hygiene residue/purge diagnostic; established Stage 5.2B-2/5.2C/5.2D/5.5B-Batch-4 precedent and data-readiness/page.tsx doc comment)","None; must remain cross-tenant to detect residue across all organizations","Bare prisma client, gated by requirePlatformPermission(""data:readiness"") at the caller (page/export route) since Stage 5.2D; purgePlan is CLI-only (scripts/data-purge-plan.ts), never web-routed","C","RESTORED E->C after Batch 6 matrix regeneration incorrectly reverted this Batch-4 classification (Stage 5.5B Batch 6 reconciliation, 2026-09-09): tenant-scoping would defeat this tool's purpose (finding residue in ANY organization, including a rehearsal org); access is already platform-permission-gated, not merely role-name-gated. See PHASE1_STAGE5_5B_MATRIX_RECONCILIATION.md.","CLASSIFIED_PLATFORM_GLOBAL; RESTORED_2026-09-09_BATCH6_RECONCILIATION"
"135","web/src/lib/data-hygiene.ts","22","auditRealData","count","event","YES","YES","Platform-global by design (data-hygiene residue/purge diagnostic; established Stage 5.2B-2/5.2C/5.2D/5.5B-Batch-4 precedent and data-readiness/page.tsx doc comment)","None; must remain cross-tenant to detect residue across all organizations","Bare prisma client, gated by requirePlatformPermission(""data:readiness"") at the caller (page/export route) since Stage 5.2D; purgePlan is CLI-only (scripts/data-purge-plan.ts), never web-routed","C","RESTORED E->C after Batch 6 matrix regeneration incorrectly reverted this Batch-4 classification (Stage 5.5B Batch 6 reconciliation, 2026-09-09): tenant-scoping would defeat this tool's purpose (finding residue in ANY organization, including a rehearsal org); access is already platform-permission-gated, not merely role-name-gated. See PHASE1_STAGE5_5B_MATRIX_RECONCILIATION.md.","CLASSIFIED_PLATFORM_GLOBAL; RESTORED_2026-09-09_BATCH6_RECONCILIATION"
"136","web/src/lib/data-hygiene.ts","29","auditRealData","count","user","NO","NO","Platform/global model by schema and current architecture","Platform/global access; no tenant context","Direct global Prisma access","C","None; retain platform/global semantics","CLASSIFIED_PLATFORM_GLOBAL"
"137","web/src/lib/data-hygiene.ts","30","auditRealData","count","athlete","YES","YES","Platform-global by design (data-hygiene residue/purge diagnostic; established Stage 5.2B-2/5.2C/5.2D/5.5B-Batch-4 precedent and data-readiness/page.tsx doc comment)","None; must remain cross-tenant to detect residue across all organizations","Bare prisma client, gated by requirePlatformPermission(""data:readiness"") at the caller (page/export route) since Stage 5.2D; purgePlan is CLI-only (scripts/data-purge-plan.ts), never web-routed","C","RESTORED E->C after Batch 6 matrix regeneration incorrectly reverted this Batch-4 classification (Stage 5.5B Batch 6 reconciliation, 2026-09-09): tenant-scoping would defeat this tool's purpose (finding residue in ANY organization, including a rehearsal org); access is already platform-permission-gated, not merely role-name-gated. See PHASE1_STAGE5_5B_MATRIX_RECONCILIATION.md.","CLASSIFIED_PLATFORM_GLOBAL; RESTORED_2026-09-09_BATCH6_RECONCILIATION"
"138","web/src/lib/data-hygiene.ts","31","auditRealData","count","athlete","YES","YES","Platform-global by design (data-hygiene residue/purge diagnostic; established Stage 5.2B-2/5.2C/5.2D/5.5B-Batch-4 precedent and data-readiness/page.tsx doc comment)","None; must remain cross-tenant to detect residue across all organizations","Bare prisma client, gated by requirePlatformPermission(""data:readiness"") at the caller (page/export route) since Stage 5.2D; purgePlan is CLI-only (scripts/data-purge-plan.ts), never web-routed","C","RESTORED E->C after Batch 6 matrix regeneration incorrectly reverted this Batch-4 classification (Stage 5.5B Batch 6 reconciliation, 2026-09-09): tenant-scoping would defeat this tool's purpose (finding residue in ANY organization, including a rehearsal org); access is already platform-permission-gated, not merely role-name-gated. See PHASE1_STAGE5_5B_MATRIX_RECONCILIATION.md.","CLASSIFIED_PLATFORM_GLOBAL; RESTORED_2026-09-09_BATCH6_RECONCILIATION"
"139","web/src/lib/data-hygiene.ts","32","auditRealData","count","athlete","YES","YES","Platform-global by design (data-hygiene residue/purge diagnostic; established Stage 5.2B-2/5.2C/5.2D/5.5B-Batch-4 precedent and data-readiness/page.tsx doc comment)","None; must remain cross-tenant to detect residue across all organizations","Bare prisma client, gated by requirePlatformPermission(""data:readiness"") at the caller (page/export route) since Stage 5.2D; purgePlan is CLI-only (scripts/data-purge-plan.ts), never web-routed","C","RESTORED E->C after Batch 6 matrix regeneration incorrectly reverted this Batch-4 classification (Stage 5.5B Batch 6 reconciliation, 2026-09-09): tenant-scoping would defeat this tool's purpose (finding residue in ANY organization, including a rehearsal org); access is already platform-permission-gated, not merely role-name-gated. See PHASE1_STAGE5_5B_MATRIX_RECONCILIATION.md.","CLASSIFIED_PLATFORM_GLOBAL; RESTORED_2026-09-09_BATCH6_RECONCILIATION"
"140","web/src/lib/data-hygiene.ts","35","auditRealData","count","athlete","YES","YES","Platform-global by design (data-hygiene residue/purge diagnostic; established Stage 5.2B-2/5.2C/5.2D/5.5B-Batch-4 precedent and data-readiness/page.tsx doc comment)","None; must remain cross-tenant to detect residue across all organizations","Bare prisma client, gated by requirePlatformPermission(""data:readiness"") at the caller (page/export route) since Stage 5.2D; purgePlan is CLI-only (scripts/data-purge-plan.ts), never web-routed","C","RESTORED E->C after Batch 6 matrix regeneration incorrectly reverted this Batch-4 classification (Stage 5.5B Batch 6 reconciliation, 2026-09-09): tenant-scoping would defeat this tool's purpose (finding residue in ANY organization, including a rehearsal org); access is already platform-permission-gated, not merely role-name-gated. See PHASE1_STAGE5_5B_MATRIX_RECONCILIATION.md.","CLASSIFIED_PLATFORM_GLOBAL; RESTORED_2026-09-09_BATCH6_RECONCILIATION"
"141","web/src/lib/data-hygiene.ts","36","auditRealData","count","staff","YES","YES","Platform-global by design (data-hygiene residue/purge diagnostic; established Stage 5.2B-2/5.2C/5.2D/5.5B-Batch-4 precedent and data-readiness/page.tsx doc comment)","None; must remain cross-tenant to detect residue across all organizations","Bare prisma client, gated by requirePlatformPermission(""data:readiness"") at the caller (page/export route) since Stage 5.2D; purgePlan is CLI-only (scripts/data-purge-plan.ts), never web-routed","C","RESTORED E->C after Batch 6 matrix regeneration incorrectly reverted this Batch-4 classification (Stage 5.5B Batch 6 reconciliation, 2026-09-09): tenant-scoping would defeat this tool's purpose (finding residue in ANY organization, including a rehearsal org); access is already platform-permission-gated, not merely role-name-gated. See PHASE1_STAGE5_5B_MATRIX_RECONCILIATION.md.","CLASSIFIED_PLATFORM_GLOBAL; RESTORED_2026-09-09_BATCH6_RECONCILIATION"
"142","web/src/lib/data-hygiene.ts","37","auditRealData","count","application","YES","YES","Platform-global by design (data-hygiene residue/purge diagnostic; established Stage 5.2B-2/5.2C/5.2D/5.5B-Batch-4 precedent and data-readiness/page.tsx doc comment)","None; must remain cross-tenant to detect residue across all organizations","Bare prisma client, gated by requirePlatformPermission(""data:readiness"") at the caller (page/export route) since Stage 5.2D; purgePlan is CLI-only (scripts/data-purge-plan.ts), never web-routed","C","RESTORED E->C after Batch 6 matrix regeneration incorrectly reverted this Batch-4 classification (Stage 5.5B Batch 6 reconciliation, 2026-09-09): tenant-scoping would defeat this tool's purpose (finding residue in ANY organization, including a rehearsal org); access is already platform-permission-gated, not merely role-name-gated. See PHASE1_STAGE5_5B_MATRIX_RECONCILIATION.md.","CLASSIFIED_PLATFORM_GLOBAL; RESTORED_2026-09-09_BATCH6_RECONCILIATION"
"143","web/src/lib/data-hygiene.ts","42","auditRealData","count","athlete","YES","YES","Platform-global by design (data-hygiene residue/purge diagnostic; established Stage 5.2B-2/5.2C/5.2D/5.5B-Batch-4 precedent and data-readiness/page.tsx doc comment)","None; must remain cross-tenant to detect residue across all organizations","Bare prisma client, gated by requirePlatformPermission(""data:readiness"") at the caller (page/export route) since Stage 5.2D; purgePlan is CLI-only (scripts/data-purge-plan.ts), never web-routed","C","RESTORED E->C after Batch 6 matrix regeneration incorrectly reverted this Batch-4 classification (Stage 5.5B Batch 6 reconciliation, 2026-09-09): tenant-scoping would defeat this tool's purpose (finding residue in ANY organization, including a rehearsal org); access is already platform-permission-gated, not merely role-name-gated. See PHASE1_STAGE5_5B_MATRIX_RECONCILIATION.md.","CLASSIFIED_PLATFORM_GLOBAL; RESTORED_2026-09-09_BATCH6_RECONCILIATION"
"144","web/src/lib/data-hygiene.ts","43","auditRealData","count","staff","YES","YES","Platform-global by design (data-hygiene residue/purge diagnostic; established Stage 5.2B-2/5.2C/5.2D/5.5B-Batch-4 precedent and data-readiness/page.tsx doc comment)","None; must remain cross-tenant to detect residue across all organizations","Bare prisma client, gated by requirePlatformPermission(""data:readiness"") at the caller (page/export route) since Stage 5.2D; purgePlan is CLI-only (scripts/data-purge-plan.ts), never web-routed","C","RESTORED E->C after Batch 6 matrix regeneration incorrectly reverted this Batch-4 classification (Stage 5.5B Batch 6 reconciliation, 2026-09-09): tenant-scoping would defeat this tool's purpose (finding residue in ANY organization, including a rehearsal org); access is already platform-permission-gated, not merely role-name-gated. See PHASE1_STAGE5_5B_MATRIX_RECONCILIATION.md.","CLASSIFIED_PLATFORM_GLOBAL; RESTORED_2026-09-09_BATCH6_RECONCILIATION"
"145","web/src/lib/data-hygiene.ts","52","purgePlan","findMany","club","YES","YES","Platform-global by design (data-hygiene residue/purge diagnostic; established Stage 5.2B-2/5.2C/5.2D/5.5B-Batch-4 precedent and data-readiness/page.tsx doc comment)","None; must remain cross-tenant to detect residue across all organizations","Bare prisma client, gated by requirePlatformPermission(""data:readiness"") at the caller (page/export route) since Stage 5.2D; purgePlan is CLI-only (scripts/data-purge-plan.ts), never web-routed","C","RESTORED E->C after Batch 6 matrix regeneration incorrectly reverted this Batch-4 classification (Stage 5.5B Batch 6 reconciliation, 2026-09-09): tenant-scoping would defeat this tool's purpose (finding residue in ANY organization, including a rehearsal org); access is already platform-permission-gated, not merely role-name-gated. See PHASE1_STAGE5_5B_MATRIX_RECONCILIATION.md.","CLASSIFIED_PLATFORM_GLOBAL; RESTORED_2026-09-09_BATCH6_RECONCILIATION"
"146","web/src/lib/data-hygiene.ts","53","purgePlan","findMany","athlete","YES","YES","Platform-global by design (data-hygiene residue/purge diagnostic; established Stage 5.2B-2/5.2C/5.2D/5.5B-Batch-4 precedent and data-readiness/page.tsx doc comment)","None; must remain cross-tenant to detect residue across all organizations","Bare prisma client, gated by requirePlatformPermission(""data:readiness"") at the caller (page/export route) since Stage 5.2D; purgePlan is CLI-only (scripts/data-purge-plan.ts), never web-routed","C","RESTORED E->C after Batch 6 matrix regeneration incorrectly reverted this Batch-4 classification (Stage 5.5B Batch 6 reconciliation, 2026-09-09): tenant-scoping would defeat this tool's purpose (finding residue in ANY organization, including a rehearsal org); access is already platform-permission-gated, not merely role-name-gated. See PHASE1_STAGE5_5B_MATRIX_RECONCILIATION.md.","CLASSIFIED_PLATFORM_GLOBAL; RESTORED_2026-09-09_BATCH6_RECONCILIATION"
"147","web/src/lib/data-hygiene.ts","54","purgePlan","findMany","staff","YES","YES","Platform-global by design (data-hygiene residue/purge diagnostic; established Stage 5.2B-2/5.2C/5.2D/5.5B-Batch-4 precedent and data-readiness/page.tsx doc comment)","None; must remain cross-tenant to detect residue across all organizations","Bare prisma client, gated by requirePlatformPermission(""data:readiness"") at the caller (page/export route) since Stage 5.2D; purgePlan is CLI-only (scripts/data-purge-plan.ts), never web-routed","C","RESTORED E->C after Batch 6 matrix regeneration incorrectly reverted this Batch-4 classification (Stage 5.5B Batch 6 reconciliation, 2026-09-09): tenant-scoping would defeat this tool's purpose (finding residue in ANY organization, including a rehearsal org); access is already platform-permission-gated, not merely role-name-gated. See PHASE1_STAGE5_5B_MATRIX_RECONCILIATION.md.","CLASSIFIED_PLATFORM_GLOBAL; RESTORED_2026-09-09_BATCH6_RECONCILIATION"
"148","web/src/lib/data-hygiene.ts","55","purgePlan","findMany","event","YES","YES","Platform-global by design (data-hygiene residue/purge diagnostic; established Stage 5.2B-2/5.2C/5.2D/5.5B-Batch-4 precedent and data-readiness/page.tsx doc comment)","None; must remain cross-tenant to detect residue across all organizations","Bare prisma client, gated by requirePlatformPermission(""data:readiness"") at the caller (page/export route) since Stage 5.2D; purgePlan is CLI-only (scripts/data-purge-plan.ts), never web-routed","C","RESTORED E->C after Batch 6 matrix regeneration incorrectly reverted this Batch-4 classification (Stage 5.5B Batch 6 reconciliation, 2026-09-09): tenant-scoping would defeat this tool's purpose (finding residue in ANY organization, including a rehearsal org); access is already platform-permission-gated, not merely role-name-gated. See PHASE1_STAGE5_5B_MATRIX_RECONCILIATION.md.","CLASSIFIED_PLATFORM_GLOBAL; RESTORED_2026-09-09_BATCH6_RECONCILIATION"
"149","web/src/lib/data-hygiene.ts","62","purgePlan","findMany","seasonClub","YES","YES","Platform-global by design (data-hygiene residue/purge diagnostic; established Stage 5.2B-2/5.2C/5.2D/5.5B-Batch-4 precedent and data-readiness/page.tsx doc comment)","None; must remain cross-tenant to detect residue across all organizations","Bare prisma client, gated by requirePlatformPermission(""data:readiness"") at the caller (page/export route) since Stage 5.2D; purgePlan is CLI-only (scripts/data-purge-plan.ts), never web-routed","C","RESTORED E->C after Batch 6 matrix regeneration incorrectly reverted this Batch-4 classification (Stage 5.5B Batch 6 reconciliation, 2026-09-09): tenant-scoping would defeat this tool's purpose (finding residue in ANY organization, including a rehearsal org); access is already platform-permission-gated, not merely role-name-gated. See PHASE1_STAGE5_5B_MATRIX_RECONCILIATION.md.","CLASSIFIED_PLATFORM_GLOBAL; RESTORED_2026-09-09_BATCH6_RECONCILIATION"
"150","web/src/lib/data-hygiene.ts","66","purgePlan","findMany","player","YES","YES","Platform-global by design (data-hygiene residue/purge diagnostic; established Stage 5.2B-2/5.2C/5.2D/5.5B-Batch-4 precedent and data-readiness/page.tsx doc comment)","None; must remain cross-tenant to detect residue across all organizations","Bare prisma client, gated by requirePlatformPermission(""data:readiness"") at the caller (page/export route) since Stage 5.2D; purgePlan is CLI-only (scripts/data-purge-plan.ts), never web-routed","C","RESTORED E->C after Batch 6 matrix regeneration incorrectly reverted this Batch-4 classification (Stage 5.5B Batch 6 reconciliation, 2026-09-09): tenant-scoping would defeat this tool's purpose (finding residue in ANY organization, including a rehearsal org); access is already platform-permission-gated, not merely role-name-gated. See PHASE1_STAGE5_5B_MATRIX_RECONCILIATION.md.","CLASSIFIED_PLATFORM_GLOBAL; RESTORED_2026-09-09_BATCH6_RECONCILIATION"
"151","web/src/lib/data-hygiene.ts","67","purgePlan","findMany","draftEvent","YES","YES","Platform-global by design (data-hygiene residue/purge diagnostic; established Stage 5.2B-2/5.2C/5.2D/5.5B-Batch-4 precedent and data-readiness/page.tsx doc comment)","None; must remain cross-tenant to detect residue across all organizations","Bare prisma client, gated by requirePlatformPermission(""data:readiness"") at the caller (page/export route) since Stage 5.2D; purgePlan is CLI-only (scripts/data-purge-plan.ts), never web-routed","C","RESTORED E->C after Batch 6 matrix regeneration incorrectly reverted this Batch-4 classification (Stage 5.5B Batch 6 reconciliation, 2026-09-09): tenant-scoping would defeat this tool's purpose (finding residue in ANY organization, including a rehearsal org); access is already platform-permission-gated, not merely role-name-gated. See PHASE1_STAGE5_5B_MATRIX_RECONCILIATION.md.","CLASSIFIED_PLATFORM_GLOBAL; RESTORED_2026-09-09_BATCH6_RECONCILIATION"
"152","web/src/lib/data-hygiene.ts","68","purgePlan","findMany","draftSquad","YES","YES","Platform-global by design (data-hygiene residue/purge diagnostic; established Stage 5.2B-2/5.2C/5.2D/5.5B-Batch-4 precedent and data-readiness/page.tsx doc comment)","None; must remain cross-tenant to detect residue across all organizations","Bare prisma client, gated by requirePlatformPermission(""data:readiness"") at the caller (page/export route) since Stage 5.2D; purgePlan is CLI-only (scripts/data-purge-plan.ts), never web-routed","C","RESTORED E->C after Batch 6 matrix regeneration incorrectly reverted this Batch-4 classification (Stage 5.5B Batch 6 reconciliation, 2026-09-09): tenant-scoping would defeat this tool's purpose (finding residue in ANY organization, including a rehearsal org); access is already platform-permission-gated, not merely role-name-gated. See PHASE1_STAGE5_5B_MATRIX_RECONCILIATION.md.","CLASSIFIED_PLATFORM_GLOBAL; RESTORED_2026-09-09_BATCH6_RECONCILIATION"
"153","web/src/lib/data-hygiene.ts","69","purgePlan","findMany","fixture","YES","YES","Platform-global by design (data-hygiene residue/purge diagnostic; established Stage 5.2B-2/5.2C/5.2D/5.5B-Batch-4 precedent and data-readiness/page.tsx doc comment)","None; must remain cross-tenant to detect residue across all organizations","Bare prisma client, gated by requirePlatformPermission(""data:readiness"") at the caller (page/export route) since Stage 5.2D; purgePlan is CLI-only (scripts/data-purge-plan.ts), never web-routed","C","RESTORED E->C after Batch 6 matrix regeneration incorrectly reverted this Batch-4 classification (Stage 5.5B Batch 6 reconciliation, 2026-09-09): tenant-scoping would defeat this tool's purpose (finding residue in ANY organization, including a rehearsal org); access is already platform-permission-gated, not merely role-name-gated. See PHASE1_STAGE5_5B_MATRIX_RECONCILIATION.md.","CLASSIFIED_PLATFORM_GLOBAL; RESTORED_2026-09-09_BATCH6_RECONCILIATION"
"154","web/src/lib/data-hygiene.ts","70","purgePlan","findMany","game","YES","YES","Platform-global by design (data-hygiene residue/purge diagnostic; established Stage 5.2B-2/5.2C/5.2D/5.5B-Batch-4 precedent and data-readiness/page.tsx doc comment)","None; must remain cross-tenant to detect residue across all organizations","Bare prisma client, gated by requirePlatformPermission(""data:readiness"") at the caller (page/export route) since Stage 5.2D; purgePlan is CLI-only (scripts/data-purge-plan.ts), never web-routed","C","RESTORED E->C after Batch 6 matrix regeneration incorrectly reverted this Batch-4 classification (Stage 5.5B Batch 6 reconciliation, 2026-09-09): tenant-scoping would defeat this tool's purpose (finding residue in ANY organization, including a rehearsal org); access is already platform-permission-gated, not merely role-name-gated. See PHASE1_STAGE5_5B_MATRIX_RECONCILIATION.md.","CLASSIFIED_PLATFORM_GLOBAL; RESTORED_2026-09-09_BATCH6_RECONCILIATION"
"155","web/src/lib/data-hygiene.ts","71","purgePlan","findMany","seatReservation","YES","YES","Platform-global by design (data-hygiene residue/purge diagnostic; established Stage 5.2B-2/5.2C/5.2D/5.5B-Batch-4 precedent and data-readiness/page.tsx doc comment)","None; must remain cross-tenant to detect residue across all organizations","Bare prisma client, gated by requirePlatformPermission(""data:readiness"") at the caller (page/export route) since Stage 5.2D; purgePlan is CLI-only (scripts/data-purge-plan.ts), never web-routed","C","RESTORED E->C after Batch 6 matrix regeneration incorrectly reverted this Batch-4 classification (Stage 5.5B Batch 6 reconciliation, 2026-09-09): tenant-scoping would defeat this tool's purpose (finding residue in ANY organization, including a rehearsal org); access is already platform-permission-gated, not merely role-name-gated. See PHASE1_STAGE5_5B_MATRIX_RECONCILIATION.md.","CLASSIFIED_PLATFORM_GLOBAL; RESTORED_2026-09-09_BATCH6_RECONCILIATION"
"156","web/src/lib/data-hygiene.ts","72","purgePlan","findMany","ticket","YES","YES","Platform-global by design (data-hygiene residue/purge diagnostic; established Stage 5.2B-2/5.2C/5.2D/5.5B-Batch-4 precedent and data-readiness/page.tsx doc comment)","None; must remain cross-tenant to detect residue across all organizations","Bare prisma client, gated by requirePlatformPermission(""data:readiness"") at the caller (page/export route) since Stage 5.2D; purgePlan is CLI-only (scripts/data-purge-plan.ts), never web-routed","C","RESTORED E->C after Batch 6 matrix regeneration incorrectly reverted this Batch-4 classification (Stage 5.5B Batch 6 reconciliation, 2026-09-09): tenant-scoping would defeat this tool's purpose (finding residue in ANY organization, including a rehearsal org); access is already platform-permission-gated, not merely role-name-gated. See PHASE1_STAGE5_5B_MATRIX_RECONCILIATION.md.","CLASSIFIED_PLATFORM_GLOBAL; RESTORED_2026-09-09_BATCH6_RECONCILIATION"
"157","web/src/lib/data-hygiene.ts","73","purgePlan","findMany","order","YES","YES","Platform-global by design (data-hygiene residue/purge diagnostic; established Stage 5.2B-2/5.2C/5.2D/5.5B-Batch-4 precedent and data-readiness/page.tsx doc comment)","None; must remain cross-tenant to detect residue across all organizations","Bare prisma client, gated by requirePlatformPermission(""data:readiness"") at the caller (page/export route) since Stage 5.2D; purgePlan is CLI-only (scripts/data-purge-plan.ts), never web-routed","C","RESTORED E->C after Batch 6 matrix regeneration incorrectly reverted this Batch-4 classification (Stage 5.5B Batch 6 reconciliation, 2026-09-09): tenant-scoping would defeat this tool's purpose (finding residue in ANY organization, including a rehearsal org); access is already platform-permission-gated, not merely role-name-gated. See PHASE1_STAGE5_5B_MATRIX_RECONCILIATION.md.","CLASSIFIED_PLATFORM_GLOBAL; RESTORED_2026-09-09_BATCH6_RECONCILIATION"
"158","web/src/lib/data-hygiene.ts","74","purgePlan","findMany","trainingSession","YES","YES","Platform-global by design (data-hygiene residue/purge diagnostic; established Stage 5.2B-2/5.2C/5.2D/5.5B-Batch-4 precedent and data-readiness/page.tsx doc comment)","None; must remain cross-tenant to detect residue across all organizations","Bare prisma client, gated by requirePlatformPermission(""data:readiness"") at the caller (page/export route) since Stage 5.2D; purgePlan is CLI-only (scripts/data-purge-plan.ts), never web-routed","C","RESTORED E->C after Batch 6 matrix regeneration incorrectly reverted this Batch-4 classification (Stage 5.5B Batch 6 reconciliation, 2026-09-09): tenant-scoping would defeat this tool's purpose (finding residue in ANY organization, including a rehearsal org); access is already platform-permission-gated, not merely role-name-gated. See PHASE1_STAGE5_5B_MATRIX_RECONCILIATION.md.","CLASSIFIED_PLATFORM_GLOBAL; RESTORED_2026-09-09_BATCH6_RECONCILIATION"
"159","web/src/lib/data-hygiene.ts","75","purgePlan","findMany","runbook","YES","YES","Platform-global by design (data-hygiene residue/purge diagnostic; established Stage 5.2B-2/5.2C/5.2D/5.5B-Batch-4 precedent and data-readiness/page.tsx doc comment)","None; must remain cross-tenant to detect residue across all organizations","Bare prisma client, gated by requirePlatformPermission(""data:readiness"") at the caller (page/export route) since Stage 5.2D; purgePlan is CLI-only (scripts/data-purge-plan.ts), never web-routed","C","RESTORED E->C after Batch 6 matrix regeneration incorrectly reverted this Batch-4 classification (Stage 5.5B Batch 6 reconciliation, 2026-09-09): tenant-scoping would defeat this tool's purpose (finding residue in ANY organization, including a rehearsal org); access is already platform-permission-gated, not merely role-name-gated. See PHASE1_STAGE5_5B_MATRIX_RECONCILIATION.md.","CLASSIFIED_PLATFORM_GLOBAL; RESTORED_2026-09-09_BATCH6_RECONCILIATION"
"160","web/src/lib/data-hygiene.ts","78","purgePlan","count","checkIn","YES","YES","Platform-global by design (data-hygiene residue/purge diagnostic; established Stage 5.2B-2/5.2C/5.2D/5.5B-Batch-4 precedent and data-readiness/page.tsx doc comment)","None; must remain cross-tenant to detect residue across all organizations","Bare prisma client, gated by requirePlatformPermission(""data:readiness"") at the caller (page/export route) since Stage 5.2D; purgePlan is CLI-only (scripts/data-purge-plan.ts), never web-routed","C","RESTORED E->C after Batch 6 matrix regeneration incorrectly reverted this Batch-4 classification (Stage 5.5B Batch 6 reconciliation, 2026-09-09): tenant-scoping would defeat this tool's purpose (finding residue in ANY organization, including a rehearsal org); access is already platform-permission-gated, not merely role-name-gated. See PHASE1_STAGE5_5B_MATRIX_RECONCILIATION.md.","CLASSIFIED_PLATFORM_GLOBAL; RESTORED_2026-09-09_BATCH6_RECONCILIATION"
"161","web/src/lib/data-hygiene.ts","79","purgePlan","count","orderItem","YES","YES","Platform-global by design (data-hygiene residue/purge diagnostic; established Stage 5.2B-2/5.2C/5.2D/5.5B-Batch-4 precedent and data-readiness/page.tsx doc comment)","None; must remain cross-tenant to detect residue across all organizations","Bare prisma client, gated by requirePlatformPermission(""data:readiness"") at the caller (page/export route) since Stage 5.2D; purgePlan is CLI-only (scripts/data-purge-plan.ts), never web-routed","C","RESTORED E->C after Batch 6 matrix regeneration incorrectly reverted this Batch-4 classification (Stage 5.5B Batch 6 reconciliation, 2026-09-09): tenant-scoping would defeat this tool's purpose (finding residue in ANY organization, including a rehearsal org); access is already platform-permission-gated, not merely role-name-gated. See PHASE1_STAGE5_5B_MATRIX_RECONCILIATION.md.","CLASSIFIED_PLATFORM_GLOBAL; RESTORED_2026-09-09_BATCH6_RECONCILIATION"
"162","web/src/lib/data-hygiene.ts","83","purgePlan","count","athleteTrainingMetric","YES","YES","Platform-global by design (data-hygiene residue/purge diagnostic; established Stage 5.2B-2/5.2C/5.2D/5.5B-Batch-4 precedent and data-readiness/page.tsx doc comment)","None; must remain cross-tenant to detect residue across all organizations","Bare prisma client, gated by requirePlatformPermission(""data:readiness"") at the caller (page/export route) since Stage 5.2D; purgePlan is CLI-only (scripts/data-purge-plan.ts), never web-routed","C","RESTORED E->C after Batch 6 matrix regeneration incorrectly reverted this Batch-4 classification (Stage 5.5B Batch 6 reconciliation, 2026-09-09): tenant-scoping would defeat this tool's purpose (finding residue in ANY organization, including a rehearsal org); access is already platform-permission-gated, not merely role-name-gated. See PHASE1_STAGE5_5B_MATRIX_RECONCILIATION.md.","CLASSIFIED_PLATFORM_GLOBAL; RESTORED_2026-09-09_BATCH6_RECONCILIATION"
"163","web/src/lib/data-hygiene.ts","84","purgePlan","count","athleteTrainingRecord","YES","YES","Platform-global by design (data-hygiene residue/purge diagnostic; established Stage 5.2B-2/5.2C/5.2D/5.5B-Batch-4 precedent and data-readiness/page.tsx doc comment)","None; must remain cross-tenant to detect residue across all organizations","Bare prisma client, gated by requirePlatformPermission(""data:readiness"") at the caller (page/export route) since Stage 5.2D; purgePlan is CLI-only (scripts/data-purge-plan.ts), never web-routed","C","RESTORED E->C after Batch 6 matrix regeneration incorrectly reverted this Batch-4 classification (Stage 5.5B Batch 6 reconciliation, 2026-09-09): tenant-scoping would defeat this tool's purpose (finding residue in ANY organization, including a rehearsal org); access is already platform-permission-gated, not merely role-name-gated. See PHASE1_STAGE5_5B_MATRIX_RECONCILIATION.md.","CLASSIFIED_PLATFORM_GLOBAL; RESTORED_2026-09-09_BATCH6_RECONCILIATION"
"164","web/src/lib/data-hygiene.ts","85","purgePlan","count","athleteMedia","YES","YES","Platform-global by design (data-hygiene residue/purge diagnostic; established Stage 5.2B-2/5.2C/5.2D/5.5B-Batch-4 precedent and data-readiness/page.tsx doc comment)","None; must remain cross-tenant to detect residue across all organizations","Bare prisma client, gated by requirePlatformPermission(""data:readiness"") at the caller (page/export route) since Stage 5.2D; purgePlan is CLI-only (scripts/data-purge-plan.ts), never web-routed","C","RESTORED E->C after Batch 6 matrix regeneration incorrectly reverted this Batch-4 classification (Stage 5.5B Batch 6 reconciliation, 2026-09-09): tenant-scoping would defeat this tool's purpose (finding residue in ANY organization, including a rehearsal org); access is already platform-permission-gated, not merely role-name-gated. See PHASE1_STAGE5_5B_MATRIX_RECONCILIATION.md.","CLASSIFIED_PLATFORM_GLOBAL; RESTORED_2026-09-09_BATCH6_RECONCILIATION"
"165","web/src/lib/data-hygiene.ts","86","purgePlan","count","athleteAward","YES","YES","Platform-global by design (data-hygiene residue/purge diagnostic; established Stage 5.2B-2/5.2C/5.2D/5.5B-Batch-4 precedent and data-readiness/page.tsx doc comment)","None; must remain cross-tenant to detect residue across all organizations","Bare prisma client, gated by requirePlatformPermission(""data:readiness"") at the caller (page/export route) since Stage 5.2D; purgePlan is CLI-only (scripts/data-purge-plan.ts), never web-routed","C","RESTORED E->C after Batch 6 matrix regeneration incorrectly reverted this Batch-4 classification (Stage 5.5B Batch 6 reconciliation, 2026-09-09): tenant-scoping would defeat this tool's purpose (finding residue in ANY organization, including a rehearsal org); access is already platform-permission-gated, not merely role-name-gated. See PHASE1_STAGE5_5B_MATRIX_RECONCILIATION.md.","CLASSIFIED_PLATFORM_GLOBAL; RESTORED_2026-09-09_BATCH6_RECONCILIATION"
"166","web/src/lib/data-hygiene.ts","87","purgePlan","count","scoutReport","YES","YES","Platform-global by design (data-hygiene residue/purge diagnostic; established Stage 5.2B-2/5.2C/5.2D/5.5B-Batch-4 precedent and data-readiness/page.tsx doc comment)","None; must remain cross-tenant to detect residue across all organizations","Bare prisma client, gated by requirePlatformPermission(""data:readiness"") at the caller (page/export route) since Stage 5.2D; purgePlan is CLI-only (scripts/data-purge-plan.ts), never web-routed","C","RESTORED E->C after Batch 6 matrix regeneration incorrectly reverted this Batch-4 classification (Stage 5.5B Batch 6 reconciliation, 2026-09-09): tenant-scoping would defeat this tool's purpose (finding residue in ANY organization, including a rehearsal org); access is already platform-permission-gated, not merely role-name-gated. See PHASE1_STAGE5_5B_MATRIX_RECONCILIATION.md.","CLASSIFIED_PLATFORM_GLOBAL; RESTORED_2026-09-09_BATCH6_RECONCILIATION"
"167","web/src/lib/data-hygiene.ts","88","purgePlan","count","gameEvent","YES","YES","Platform-global by design (data-hygiene residue/purge diagnostic; established Stage 5.2B-2/5.2C/5.2D/5.5B-Batch-4 precedent and data-readiness/page.tsx doc comment)","None; must remain cross-tenant to detect residue across all organizations","Bare prisma client, gated by requirePlatformPermission(""data:readiness"") at the caller (page/export route) since Stage 5.2D; purgePlan is CLI-only (scripts/data-purge-plan.ts), never web-routed","C","RESTORED E->C after Batch 6 matrix regeneration incorrectly reverted this Batch-4 classification (Stage 5.5B Batch 6 reconciliation, 2026-09-09): tenant-scoping would defeat this tool's purpose (finding residue in ANY organization, including a rehearsal org); access is already platform-permission-gated, not merely role-name-gated. See PHASE1_STAGE5_5B_MATRIX_RECONCILIATION.md.","CLASSIFIED_PLATFORM_GLOBAL; RESTORED_2026-09-09_BATCH6_RECONCILIATION"
"168","web/src/lib/data-hygiene.ts","89","purgePlan","count","playerStat","YES","YES","Platform-global by design (data-hygiene residue/purge diagnostic; established Stage 5.2B-2/5.2C/5.2D/5.5B-Batch-4 precedent and data-readiness/page.tsx doc comment)","None; must remain cross-tenant to detect residue across all organizations","Bare prisma client, gated by requirePlatformPermission(""data:readiness"") at the caller (page/export route) since Stage 5.2D; purgePlan is CLI-only (scripts/data-purge-plan.ts), never web-routed","C","RESTORED E->C after Batch 6 matrix regeneration incorrectly reverted this Batch-4 classification (Stage 5.5B Batch 6 reconciliation, 2026-09-09): tenant-scoping would defeat this tool's purpose (finding residue in ANY organization, including a rehearsal org); access is already platform-permission-gated, not merely role-name-gated. See PHASE1_STAGE5_5B_MATRIX_RECONCILIATION.md.","CLASSIFIED_PLATFORM_GLOBAL; RESTORED_2026-09-09_BATCH6_RECONCILIATION"
"169","web/src/lib/data-hygiene.ts","90","purgePlan","count","teamStat","YES","YES","Platform-global by design (data-hygiene residue/purge diagnostic; established Stage 5.2B-2/5.2C/5.2D/5.5B-Batch-4 precedent and data-readiness/page.tsx doc comment)","None; must remain cross-tenant to detect residue across all organizations","Bare prisma client, gated by requirePlatformPermission(""data:readiness"") at the caller (page/export route) since Stage 5.2D; purgePlan is CLI-only (scripts/data-purge-plan.ts), never web-routed","C","RESTORED E->C after Batch 6 matrix regeneration incorrectly reverted this Batch-4 classification (Stage 5.5B Batch 6 reconciliation, 2026-09-09): tenant-scoping would defeat this tool's purpose (finding residue in ANY organization, including a rehearsal org); access is already platform-permission-gated, not merely role-name-gated. See PHASE1_STAGE5_5B_MATRIX_RECONCILIATION.md.","CLASSIFIED_PLATFORM_GLOBAL; RESTORED_2026-09-09_BATCH6_RECONCILIATION"
"170","web/src/lib/data-hygiene.ts","92","purgePlan","count","fixtureOfficial","YES","YES","Platform-global by design (data-hygiene residue/purge diagnostic; established Stage 5.2B-2/5.2C/5.2D/5.5B-Batch-4 precedent and data-readiness/page.tsx doc comment)","None; must remain cross-tenant to detect residue across all organizations","Bare prisma client, gated by requirePlatformPermission(""data:readiness"") at the caller (page/export route) since Stage 5.2D; purgePlan is CLI-only (scripts/data-purge-plan.ts), never web-routed","C","RESTORED E->C after Batch 6 matrix regeneration incorrectly reverted this Batch-4 classification (Stage 5.5B Batch 6 reconciliation, 2026-09-09): tenant-scoping would defeat this tool's purpose (finding residue in ANY organization, including a rehearsal org); access is already platform-permission-gated, not merely role-name-gated. See PHASE1_STAGE5_5B_MATRIX_RECONCILIATION.md.","CLASSIFIED_PLATFORM_GLOBAL; RESTORED_2026-09-09_BATCH6_RECONCILIATION"
"171","web/src/lib/data-hygiene.ts","94","purgePlan","count","draftAllocation","YES","YES","Platform-global by design (data-hygiene residue/purge diagnostic; established Stage 5.2B-2/5.2C/5.2D/5.5B-Batch-4 precedent and data-readiness/page.tsx doc comment)","None; must remain cross-tenant to detect residue across all organizations","Bare prisma client, gated by requirePlatformPermission(""data:readiness"") at the caller (page/export route) since Stage 5.2D; purgePlan is CLI-only (scripts/data-purge-plan.ts), never web-routed","C","RESTORED E->C after Batch 6 matrix regeneration incorrectly reverted this Batch-4 classification (Stage 5.5B Batch 6 reconciliation, 2026-09-09): tenant-scoping would defeat this tool's purpose (finding residue in ANY organization, including a rehearsal org); access is already platform-permission-gated, not merely role-name-gated. See PHASE1_STAGE5_5B_MATRIX_RECONCILIATION.md.","CLASSIFIED_PLATFORM_GLOBAL; RESTORED_2026-09-09_BATCH6_RECONCILIATION"
"172","web/src/lib/data-hygiene.ts","95","purgePlan","count","draftCoachPoolEntry","YES","YES","Platform-global by design (data-hygiene residue/purge diagnostic; established Stage 5.2B-2/5.2C/5.2D/5.5B-Batch-4 precedent and data-readiness/page.tsx doc comment)","None; must remain cross-tenant to detect residue across all organizations","Bare prisma client, gated by requirePlatformPermission(""data:readiness"") at the caller (page/export route) since Stage 5.2D; purgePlan is CLI-only (scripts/data-purge-plan.ts), never web-routed","C","RESTORED E->C after Batch 6 matrix regeneration incorrectly reverted this Batch-4 classification (Stage 5.5B Batch 6 reconciliation, 2026-09-09): tenant-scoping would defeat this tool's purpose (finding residue in ANY organization, including a rehearsal org); access is already platform-permission-gated, not merely role-name-gated. See PHASE1_STAGE5_5B_MATRIX_RECONCILIATION.md.","CLASSIFIED_PLATFORM_GLOBAL; RESTORED_2026-09-09_BATCH6_RECONCILIATION"
"173","web/src/lib/data-hygiene.ts","96","purgePlan","count","draftSquadMember","YES","YES","Platform-global by design (data-hygiene residue/purge diagnostic; established Stage 5.2B-2/5.2C/5.2D/5.5B-Batch-4 precedent and data-readiness/page.tsx doc comment)","None; must remain cross-tenant to detect residue across all organizations","Bare prisma client, gated by requirePlatformPermission(""data:readiness"") at the caller (page/export route) since Stage 5.2D; purgePlan is CLI-only (scripts/data-purge-plan.ts), never web-routed","C","RESTORED E->C after Batch 6 matrix regeneration incorrectly reverted this Batch-4 classification (Stage 5.5B Batch 6 reconciliation, 2026-09-09): tenant-scoping would defeat this tool's purpose (finding residue in ANY organization, including a rehearsal org); access is already platform-permission-gated, not merely role-name-gated. See PHASE1_STAGE5_5B_MATRIX_RECONCILIATION.md.","CLASSIFIED_PLATFORM_GLOBAL; RESTORED_2026-09-09_BATCH6_RECONCILIATION"
"174","web/src/lib/data-hygiene.ts","99","purgePlan","count","standing","YES","YES","Platform-global by design (data-hygiene residue/purge diagnostic; established Stage 5.2B-2/5.2C/5.2D/5.5B-Batch-4 precedent and data-readiness/page.tsx doc comment)","None; must remain cross-tenant to detect residue across all organizations","Bare prisma client, gated by requirePlatformPermission(""data:readiness"") at the caller (page/export route) since Stage 5.2D; purgePlan is CLI-only (scripts/data-purge-plan.ts), never web-routed","C","RESTORED E->C after Batch 6 matrix regeneration incorrectly reverted this Batch-4 classification (Stage 5.5B Batch 6 reconciliation, 2026-09-09): tenant-scoping would defeat this tool's purpose (finding residue in ANY organization, including a rehearsal org); access is already platform-permission-gated, not merely role-name-gated. See PHASE1_STAGE5_5B_MATRIX_RECONCILIATION.md.","CLASSIFIED_PLATFORM_GLOBAL; RESTORED_2026-09-09_BATCH6_RECONCILIATION"
"175","web/src/lib/data-hygiene.ts","103","purgePlan","count","runbookTask","YES","YES","Platform-global by design (data-hygiene residue/purge diagnostic; established Stage 5.2B-2/5.2C/5.2D/5.5B-Batch-4 precedent and data-readiness/page.tsx doc comment)","None; must remain cross-tenant to detect residue across all organizations","Bare prisma client, gated by requirePlatformPermission(""data:readiness"") at the caller (page/export route) since Stage 5.2D; purgePlan is CLI-only (scripts/data-purge-plan.ts), never web-routed","C","RESTORED E->C after Batch 6 matrix regeneration incorrectly reverted this Batch-4 classification (Stage 5.5B Batch 6 reconciliation, 2026-09-09): tenant-scoping would defeat this tool's purpose (finding residue in ANY organization, including a rehearsal org); access is already platform-permission-gated, not merely role-name-gated. See PHASE1_STAGE5_5B_MATRIX_RECONCILIATION.md.","CLASSIFIED_PLATFORM_GLOBAL; RESTORED_2026-09-09_BATCH6_RECONCILIATION"
"176","web/src/lib/data-hygiene.ts","105","purgePlan","count","incident","YES","YES","Platform-global by design (data-hygiene residue/purge diagnostic; established Stage 5.2B-2/5.2C/5.2D/5.5B-Batch-4 precedent and data-readiness/page.tsx doc comment)","None; must remain cross-tenant to detect residue across all organizations","Bare prisma client, gated by requirePlatformPermission(""data:readiness"") at the caller (page/export route) since Stage 5.2D; purgePlan is CLI-only (scripts/data-purge-plan.ts), never web-routed","C","RESTORED E->C after Batch 6 matrix regeneration incorrectly reverted this Batch-4 classification (Stage 5.5B Batch 6 reconciliation, 2026-09-09): tenant-scoping would defeat this tool's purpose (finding residue in ANY organization, including a rehearsal org); access is already platform-permission-gated, not merely role-name-gated. See PHASE1_STAGE5_5B_MATRIX_RECONCILIATION.md.","CLASSIFIED_PLATFORM_GLOBAL; RESTORED_2026-09-09_BATCH6_RECONCILIATION"
"177","web/src/lib/data-hygiene.ts","106","purgePlan","count","rehearsal","YES","YES","Platform-global by design (data-hygiene residue/purge diagnostic; established Stage 5.2B-2/5.2C/5.2D/5.5B-Batch-4 precedent and data-readiness/page.tsx doc comment)","None; must remain cross-tenant to detect residue across all organizations","Bare prisma client, gated by requirePlatformPermission(""data:readiness"") at the caller (page/export route) since Stage 5.2D; purgePlan is CLI-only (scripts/data-purge-plan.ts), never web-routed","C","RESTORED E->C after Batch 6 matrix regeneration incorrectly reverted this Batch-4 classification (Stage 5.5B Batch 6 reconciliation, 2026-09-09): tenant-scoping would defeat this tool's purpose (finding residue in ANY organization, including a rehearsal org); access is already platform-permission-gated, not merely role-name-gated. See PHASE1_STAGE5_5B_MATRIX_RECONCILIATION.md.","CLASSIFIED_PLATFORM_GLOBAL; RESTORED_2026-09-09_BATCH6_RECONCILIATION"
"178","web/src/lib/data-hygiene.ts","107","purgePlan","count","contentAsset","YES","YES","Platform-global by design (data-hygiene residue/purge diagnostic; established Stage 5.2B-2/5.2C/5.2D/5.5B-Batch-4 precedent and data-readiness/page.tsx doc comment)","None; must remain cross-tenant to detect residue across all organizations","Bare prisma client, gated by requirePlatformPermission(""data:readiness"") at the caller (page/export route) since Stage 5.2D; purgePlan is CLI-only (scripts/data-purge-plan.ts), never web-routed","C","RESTORED E->C after Batch 6 matrix regeneration incorrectly reverted this Batch-4 classification (Stage 5.5B Batch 6 reconciliation, 2026-09-09): tenant-scoping would defeat this tool's purpose (finding residue in ANY organization, including a rehearsal org); access is already platform-permission-gated, not merely role-name-gated. See PHASE1_STAGE5_5B_MATRIX_RECONCILIATION.md.","CLASSIFIED_PLATFORM_GLOBAL; RESTORED_2026-09-09_BATCH6_RECONCILIATION"
"179","web/src/lib/data-hygiene.ts","108","purgePlan","count","contentJob","YES","YES","Platform-global by design (data-hygiene residue/purge diagnostic; established Stage 5.2B-2/5.2C/5.2D/5.5B-Batch-4 precedent and data-readiness/page.tsx doc comment)","None; must remain cross-tenant to detect residue across all organizations","Bare prisma client, gated by requirePlatformPermission(""data:readiness"") at the caller (page/export route) since Stage 5.2D; purgePlan is CLI-only (scripts/data-purge-plan.ts), never web-routed","C","RESTORED E->C after Batch 6 matrix regeneration incorrectly reverted this Batch-4 classification (Stage 5.5B Batch 6 reconciliation, 2026-09-09): tenant-scoping would defeat this tool's purpose (finding residue in ANY organization, including a rehearsal org); access is already platform-permission-gated, not merely role-name-gated. See PHASE1_STAGE5_5B_MATRIX_RECONCILIATION.md.","CLASSIFIED_PLATFORM_GLOBAL; RESTORED_2026-09-09_BATCH6_RECONCILIATION"
"180","web/src/lib/data-hygiene.ts","109","purgePlan","count","application","YES","YES","Platform-global by design (data-hygiene residue/purge diagnostic; established Stage 5.2B-2/5.2C/5.2D/5.5B-Batch-4 precedent and data-readiness/page.tsx doc comment)","None; must remain cross-tenant to detect residue across all organizations","Bare prisma client, gated by requirePlatformPermission(""data:readiness"") at the caller (page/export route) since Stage 5.2D; purgePlan is CLI-only (scripts/data-purge-plan.ts), never web-routed","C","RESTORED E->C after Batch 6 matrix regeneration incorrectly reverted this Batch-4 classification (Stage 5.5B Batch 6 reconciliation, 2026-09-09): tenant-scoping would defeat this tool's purpose (finding residue in ANY organization, including a rehearsal org); access is already platform-permission-gated, not merely role-name-gated. See PHASE1_STAGE5_5B_MATRIX_RECONCILIATION.md.","CLASSIFIED_PLATFORM_GLOBAL; RESTORED_2026-09-09_BATCH6_RECONCILIATION"
"181","web/src/lib/data-hygiene.ts","115","purgePlan","count","auditLog","YES","YES","Platform-global by design (data-hygiene residue/purge diagnostic; established Stage 5.2B-2/5.2C/5.2D/5.5B-Batch-4 precedent and data-readiness/page.tsx doc comment)","None; must remain cross-tenant to detect residue across all organizations","Bare prisma client, gated by requirePlatformPermission(""data:readiness"") at the caller (page/export route) since Stage 5.2D; purgePlan is CLI-only (scripts/data-purge-plan.ts), never web-routed","C","RESTORED E->C after Batch 6 matrix regeneration incorrectly reverted this Batch-4 classification (Stage 5.5B Batch 6 reconciliation, 2026-09-09): tenant-scoping would defeat this tool's purpose (finding residue in ANY organization, including a rehearsal org); access is already platform-permission-gated, not merely role-name-gated. See PHASE1_STAGE5_5B_MATRIX_RECONCILIATION.md.","CLASSIFIED_PLATFORM_GLOBAL; RESTORED_2026-09-09_BATCH6_RECONCILIATION"
"182","web/src/lib/data-quality.ts","113","OperationsPage","findMany","application","YES","YES","Authenticated session organizationId","withOrganizationContext(organizationId) and transaction client","Remediated: explicit authenticated organization and transaction client","B","Converted from bare prisma client to scoped transaction client","TSC_PASS; runtime proof pending"
"183","web/src/lib/data-quality.ts","121","OperationsPage","findMany","athlete","YES","YES","Authenticated session organizationId","withOrganizationContext(organizationId) and transaction client","Remediated: explicit authenticated organization and transaction client","B","Converted from bare prisma client to scoped transaction client","TSC_PASS; runtime proof pending"
"184","web/src/lib/data-quality.ts","133","OperationsPage","findMany","systemSetting","YES","YES","Authenticated session organizationId","withOrganizationContext(organizationId) and transaction client","Remediated: explicit authenticated organization and transaction client","B","Converted from bare prisma client to scoped transaction client","TSC_PASS; runtime proof pending"
"185","web/src/lib/data-quality.ts","204","OperationsPage","findUnique","systemSetting","YES","YES","Authenticated session organizationId","withOrganizationContext(organizationId) and transaction client","Remediated: explicit authenticated organization and transaction client","B","Converted from bare prisma client to scoped transaction client","TSC_PASS; runtime proof pending"
"186","web/src/lib/draft-cohort.ts","200","OperationsPage","findUnique","application","YES","YES","Authenticated session organizationId","withOrganizationContext(organizationId) and transaction client","Remediated: explicit authenticated organization and transaction client","B","Converted from bare prisma client to scoped transaction client","TSC_PASS; runtime proof pending"
"187","web/src/lib/draft-cohort.ts","280","OperationsPage","findMany","application","YES","YES","Authenticated session organizationId","withOrganizationContext(organizationId) and transaction client","Remediated: explicit authenticated organization and transaction client","B","Converted from bare prisma client to scoped transaction client","TSC_PASS; runtime proof pending"
"188","web/src/lib/draft-cohort.ts","284","OperationsPage","findMany","systemSetting","YES","YES","Authenticated session organizationId","withOrganizationContext(organizationId) and transaction client","Remediated: explicit authenticated organization and transaction client","B","Converted from bare prisma client to scoped transaction client","TSC_PASS; runtime proof pending"
"189","web/src/lib/draft-personnel-readiness.ts","37","draftPersonnelReadinessReport","findFirst","season","YES","YES","Explicit db parameter; live callers establish authenticated organizationId","Trusted organizationId followed by withOrganizationContext() and tx","Function-local db alias backed by scoped transaction or explicit maintenance client","B","Changed readiness functions to accept db; live routes invoke through withOrganizationContext()","TSC_PASS; route/runtime proof pending"
"190","web/src/lib/draft-personnel-readiness.ts","56","draftPersonnelReadinessReport","findMany","application","YES","YES","Explicit db parameter; live callers establish authenticated organizationId","Trusted organizationId followed by withOrganizationContext() and tx","Function-local db alias backed by scoped transaction or explicit maintenance client","B","Changed readiness functions to accept db; live routes invoke through withOrganizationContext()","TSC_PASS; route/runtime proof pending"
"191","web/src/lib/draft-personnel-readiness.ts","60","draftPersonnelReadinessReport","findMany","club","YES","YES","Explicit db parameter; live callers establish authenticated organizationId","Trusted organizationId followed by withOrganizationContext() and tx","Function-local db alias backed by scoped transaction or explicit maintenance client","B","Changed readiness functions to accept db; live routes invoke through withOrganizationContext()","TSC_PASS; route/runtime proof pending"
"192","web/src/lib/draft-personnel-readiness.ts","69","draftPersonnelReadinessReport","findMany","player","YES","YES","Explicit db parameter; live callers establish authenticated organizationId","Trusted organizationId followed by withOrganizationContext() and tx","Function-local db alias backed by scoped transaction or explicit maintenance client","B","Changed readiness functions to accept db; live routes invoke through withOrganizationContext()","TSC_PASS; route/runtime proof pending"
"193","web/src/lib/draft-personnel-readiness.ts","79","draftPersonnelReadinessReport","findMany","draftEvent","YES","YES","Explicit db parameter; live callers establish authenticated organizationId","Trusted organizationId followed by withOrganizationContext() and tx","Function-local db alias backed by scoped transaction or explicit maintenance client","B","Changed readiness functions to accept db; live routes invoke through withOrganizationContext()","TSC_PASS; route/runtime proof pending"
"194","web/src/lib/draft-personnel-readiness.ts","84","draftPersonnelReadinessReport","findMany","draftAllocation","YES","YES","Explicit db parameter; live callers establish authenticated organizationId","Trusted organizationId followed by withOrganizationContext() and tx","Function-local db alias backed by scoped transaction or explicit maintenance client","B","Changed readiness functions to accept db; live routes invoke through withOrganizationContext()","TSC_PASS; route/runtime proof pending"
"195","web/src/lib/draft-personnel-readiness.ts","85","draftPersonnelReadinessReport","count","staff","YES","YES","Explicit db parameter; live callers establish authenticated organizationId","Trusted organizationId followed by withOrganizationContext() and tx","Function-local db alias backed by scoped transaction or explicit maintenance client","B","Changed readiness functions to accept db; live routes invoke through withOrganizationContext()","TSC_PASS; route/runtime proof pending"
"196","web/src/lib/draft-personnel-readiness.ts","99","draftPersonnelReadinessReport","findFirst","mediaAssetUsage","YES","YES","Explicit db parameter; live callers establish authenticated organizationId","Trusted organizationId followed by withOrganizationContext() and tx","Function-local db alias backed by scoped transaction or explicit maintenance client","B","Changed readiness functions to accept db; live routes invoke through withOrganizationContext()","TSC_PASS; route/runtime proof pending"
"197","web/src/lib/draft-personnel-readiness.ts","118","draftPersonnelReadinessReport","findFirst","mediaAssetUsage","YES","YES","Explicit db parameter; live callers establish authenticated organizationId","Trusted organizationId followed by withOrganizationContext() and tx","Function-local db alias backed by scoped transaction or explicit maintenance client","B","Changed readiness functions to accept db; live routes invoke through withOrganizationContext()","TSC_PASS; route/runtime proof pending"
"198","web/src/lib/draft-personnel-readiness.ts","140","draftPersonnelReadinessReport","findMany","staff","YES","YES","Explicit db parameter; live callers establish authenticated organizationId","Trusted organizationId followed by withOrganizationContext() and tx","Function-local db alias backed by scoped transaction or explicit maintenance client","B","Changed readiness functions to accept db; live routes invoke through withOrganizationContext()","TSC_PASS; route/runtime proof pending"
"199","web/src/lib/draft-personnel-readiness.ts","143","draftPersonnelReadinessReport","findFirst","mediaAssetUsage","YES","YES","Explicit db parameter; live callers establish authenticated organizationId","Trusted organizationId followed by withOrganizationContext() and tx","Function-local db alias backed by scoped transaction or explicit maintenance client","B","Changed readiness functions to accept db; live routes invoke through withOrganizationContext()","TSC_PASS; route/runtime proof pending"
"200","web/src/lib/operations.ts","48","operationsSnapshot","findFirst","season","YES","YES","Authenticated session organizationId","withOrganizationContext(organizationId) and transaction client","Remediated: explicit authenticated organization and transaction client","B","Converted from bare prisma client to scoped transaction client","TSC_PASS; runtime proof pending"
"201","web/src/lib/operations.ts","49","operationsSnapshot","findFirst","event","YES","YES","Authenticated session organizationId","withOrganizationContext(organizationId) and transaction client","Remediated: explicit authenticated organization and transaction client","B","Converted from bare prisma client to scoped transaction client","TSC_PASS; runtime proof pending"
"202","web/src/lib/operations.ts","50","operationsSnapshot","findFirst","draftEvent","YES","YES","Authenticated session organizationId","withOrganizationContext(organizationId) and transaction client","Remediated: explicit authenticated organization and transaction client","B","Converted from bare prisma client to scoped transaction client","TSC_PASS; runtime proof pending"
"203","web/src/lib/operations.ts","51","operationsSnapshot","count","fixture","YES","YES","Authenticated session organizationId","withOrganizationContext(organizationId) and transaction client","Remediated: explicit authenticated organization and transaction client","B","Converted from bare prisma client to scoped transaction client","TSC_PASS; runtime proof pending"
"204","web/src/lib/operations.ts","52","operationsSnapshot","count","application","YES","YES","Authenticated session organizationId","withOrganizationContext(organizationId) and transaction client","Remediated: explicit authenticated organization and transaction client","B","Converted from bare prisma client to scoped transaction client","TSC_PASS; runtime proof pending"
"205","web/src/lib/operations.ts","53","operationsSnapshot","count","importJob","YES","YES","Authenticated session organizationId","withOrganizationContext(organizationId) and transaction client","Remediated: explicit authenticated organization and transaction client","B","Converted from bare prisma client to scoped transaction client","TSC_PASS; runtime proof pending"
"206","web/src/lib/operations.ts","54","operationsSnapshot","count","incident","YES","YES","Authenticated session organizationId","withOrganizationContext(organizationId) and transaction client","Remediated: explicit authenticated organization and transaction client","B","Converted from bare prisma client to scoped transaction client","TSC_PASS; runtime proof pending"
"207","web/src/lib/operations.ts","55","operationsSnapshot","count","opsTask","YES","YES","Authenticated session organizationId","withOrganizationContext(organizationId) and transaction client","Remediated: explicit authenticated organization and transaction client","B","Converted from bare prisma client to scoped transaction client","TSC_PASS; runtime proof pending"
"208","web/src/lib/operations.ts","56","operationsSnapshot","count","opsTask","YES","YES","Authenticated session organizationId","withOrganizationContext(organizationId) and transaction client","Remediated: explicit authenticated organization and transaction client","B","Converted from bare prisma client to scoped transaction client","TSC_PASS; runtime proof pending"
"209","web/src/lib/operations.ts","57","operationsSnapshot","count","operationalChecklist","YES","YES","Authenticated session organizationId","withOrganizationContext(organizationId) and transaction client","Remediated: explicit authenticated organization and transaction client","B","Converted from bare prisma client to scoped transaction client","TSC_PASS; runtime proof pending"
"210","web/src/lib/operations.ts","58","operationsSnapshot","count","seatReservation","YES","YES","Authenticated session organizationId","withOrganizationContext(organizationId) and transaction client","Remediated: explicit authenticated organization and transaction client","B","Converted from bare prisma client to scoped transaction client","TSC_PASS; runtime proof pending"
"211","web/src/lib/operations.ts","59","operationsSnapshot","count","order","YES","YES","Authenticated session organizationId","withOrganizationContext(organizationId) and transaction client","Remediated: explicit authenticated organization and transaction client","B","Converted from bare prisma client to scoped transaction client","TSC_PASS; runtime proof pending"
"212","web/src/lib/operations.ts","60","operationsSnapshot","count","opsNotification","YES","YES","Authenticated session organizationId","withOrganizationContext(organizationId) and transaction client","Remediated: explicit authenticated organization and transaction client","B","Converted from bare prisma client to scoped transaction client","TSC_PASS; runtime proof pending"
"213","web/src/lib/operations.ts","61","operationsSnapshot","count","displayHeartbeat","YES","YES","Authenticated session organizationId","withOrganizationContext(organizationId) and transaction client","Remediated: explicit authenticated organization and transaction client","B","Converted from bare prisma client to scoped transaction client","TSC_PASS; runtime proof pending"
"214","web/src/lib/operations.ts","62","operationsSnapshot","count","equipment","YES","YES","Authenticated session organizationId","withOrganizationContext(organizationId) and transaction client","Remediated: explicit authenticated organization and transaction client","B","Converted from bare prisma client to scoped transaction client","TSC_PASS; runtime proof pending"
"215","web/src/lib/operations.ts","63","operationsSnapshot","count","launchReadinessCheck","YES","YES","Authenticated session organizationId","withOrganizationContext(organizationId) and transaction client","Remediated: explicit authenticated organization and transaction client","B","Converted from bare prisma client to scoped transaction client","TSC_PASS; runtime proof pending"
"216","web/src/lib/operations.ts","64","operationsSnapshot","count","launchReadinessCheck","YES","YES","Authenticated session organizationId","withOrganizationContext(organizationId) and transaction client","Remediated: explicit authenticated organization and transaction client","B","Converted from bare prisma client to scoped transaction client","TSC_PASS; runtime proof pending"
"217","web/src/lib/operations.ts","65","operationsSnapshot","findFirst","auditLog","YES","YES","Authenticated session organizationId","withOrganizationContext(organizationId) and transaction client","Remediated: explicit authenticated organization and transaction client","B","Converted from bare prisma client to scoped transaction client","TSC_PASS; runtime proof pending"
"218","web/src/lib/participant-internalization.ts","206","internalizeApprovedApplications","findUnique","organization","NO","NO","Platform/global model by schema and current architecture","Platform/global access; no tenant context","Direct global Prisma access","C","None; retain platform/global semantics","CLASSIFIED_PLATFORM_GLOBAL"
"219","web/src/lib/participant-internalization.ts","220","internalizeApprovedApplications","findUnique","application","YES","YES","Authenticated session organizationId","withOrganizationContext(organizationId) and transaction client","Remediated: explicit authenticated organization and transaction client","B","Converted from bare prisma client to scoped transaction client","TSC_PASS; runtime proof pending"
"220","web/src/lib/participant-internalization.ts","240","internalizeApprovedApplications","findMany","application","YES","YES","Authenticated session organizationId","withOrganizationContext(organizationId) and transaction client","Remediated: explicit authenticated organization and transaction client","B","Converted from bare prisma client to scoped transaction client","TSC_PASS; runtime proof pending"
"221","web/src/lib/participant-internalization.ts","317","internalizeApprovedApplications","count","user","NO","NO","Platform/global model by schema and current architecture","Platform/global access; no tenant context","Direct global Prisma access","C","None; retain platform/global semantics","CLASSIFIED_PLATFORM_GLOBAL"
"222","web/src/lib/season-zero-production-reconciliation.ts","51","seasonZeroProductionReconciliation","findMany","application","YES","YES","Authenticated session organizationId (Batch 7); scoped db/organizationId passed into library","withOrganizationContext(organizationId); scoped db passed into library","Remediated: library functions accept a scoped transaction client","B","Batch 7: library functions take an explicit scoped db/organizationId; writes run in withOrganizationContext","PROVEN (empirical staging proof, stage55b-batch7); 2 same-org cases blocked to avoid mutating real Neon Ultra data"
"223","web/src/lib/season-zero-production-reconciliation.ts","55","seasonZeroProductionReconciliation","findMany","systemSetting","YES","YES","Authenticated session organizationId (Batch 7); scoped db/organizationId passed into library","withOrganizationContext(organizationId); scoped db passed into library","Remediated: library functions accept a scoped transaction client","B","Batch 7: library functions take an explicit scoped db/organizationId; writes run in withOrganizationContext","PROVEN (empirical staging proof, stage55b-batch7); 2 same-org cases blocked to avoid mutating real Neon Ultra data"
"224","web/src/lib/season-zero-production-reconciliation.ts","89","duplicateCandidatesForApplication","findUniqueOrThrow","application","YES","YES","Authenticated session organizationId (Batch 7); scoped db/organizationId passed into library","withOrganizationContext(organizationId); scoped db passed into library","Remediated: library functions accept a scoped transaction client","B","Batch 7: library functions take an explicit scoped db/organizationId; writes run in withOrganizationContext","PROVEN (empirical staging proof, stage55b-batch7); 2 same-org cases blocked to avoid mutating real Neon Ultra data"
"225","web/src/lib/season-zero-production-reconciliation.ts","93","duplicateCandidatesForApplication","findMany","application","YES","YES","Authenticated session organizationId (Batch 7); scoped db/organizationId passed into library","withOrganizationContext(organizationId); scoped db passed into library","Remediated: library functions accept a scoped transaction client","B","Batch 7: library functions take an explicit scoped db/organizationId; writes run in withOrganizationContext","PROVEN (empirical staging proof, stage55b-batch7); 2 same-org cases blocked to avoid mutating real Neon Ultra data"
"226","web/src/lib/season-zero-readiness.ts","94","requiredConfigurationReport","findUnique","sport","NO","NO","Platform/global model by schema and current architecture","Platform/global access; no tenant context","Direct global Prisma access","C","None; retain platform/global semantics","CLASSIFIED_PLATFORM_GLOBAL"
"227","web/src/lib/season-zero-readiness.ts","96","requiredConfigurationReport","findFirst","competition","YES","YES","Explicit db parameter; live callers establish authenticated organizationId","Trusted organizationId followed by withOrganizationContext() and tx","Function-local db alias backed by scoped transaction or explicit maintenance client","B","Changed readiness functions to accept db; live routes invoke through withOrganizationContext()","TSC_PASS; route/runtime proof pending"
"228","web/src/lib/season-zero-readiness.ts","99","requiredConfigurationReport","findUnique","season","YES","YES","Explicit db parameter; live callers establish authenticated organizationId","Trusted organizationId followed by withOrganizationContext() and tx","Function-local db alias backed by scoped transaction or explicit maintenance client","B","Changed readiness functions to accept db; live routes invoke through withOrganizationContext()","TSC_PASS; route/runtime proof pending"
"229","web/src/lib/season-zero-readiness.ts","102","requiredConfigurationReport","findMany","division","YES","YES","Explicit db parameter; live callers establish authenticated organizationId","Trusted organizationId followed by withOrganizationContext() and tx","Function-local db alias backed by scoped transaction or explicit maintenance client","B","Changed readiness functions to accept db; live routes invoke through withOrganizationContext()","TSC_PASS; route/runtime proof pending"
"230","web/src/lib/season-zero-readiness.ts","104","requiredConfigurationReport","findMany","systemSetting","YES","YES","Explicit db parameter; live callers establish authenticated organizationId","Trusted organizationId followed by withOrganizationContext() and tx","Function-local db alias backed by scoped transaction or explicit maintenance client","B","Changed readiness functions to accept db; live routes invoke through withOrganizationContext()","TSC_PASS; route/runtime proof pending"
"231","web/src/lib/season-zero-readiness.ts","106","requiredConfigurationReport","count","contentTemplate","YES","YES","Explicit db parameter; live callers establish authenticated organizationId","Trusted organizationId followed by withOrganizationContext() and tx","Function-local db alias backed by scoped transaction or explicit maintenance client","B","Changed readiness functions to accept db; live routes invoke through withOrganizationContext()","TSC_PASS; route/runtime proof pending"
"232","web/src/lib/season-zero-readiness.ts","130","realDataCounts","count","user","NO","NO","Platform/global model by schema and current architecture","Platform/global access; no tenant context","Direct global Prisma access","C","None; retain platform/global semantics","CLASSIFIED_PLATFORM_GLOBAL"
"233","web/src/lib/season-zero-readiness.ts","131","realDataCounts","count","club","YES","YES","Explicit db parameter; live callers establish authenticated organizationId","Trusted organizationId followed by withOrganizationContext() and tx","Function-local db alias backed by scoped transaction or explicit maintenance client","B","Changed readiness functions to accept db; live routes invoke through withOrganizationContext()","TSC_PASS; route/runtime proof pending"
"234","web/src/lib/season-zero-readiness.ts","132","realDataCounts","count","seasonClub","YES","YES","Explicit db parameter; live callers establish authenticated organizationId","Trusted organizationId followed by withOrganizationContext() and tx","Function-local db alias backed by scoped transaction or explicit maintenance client","B","Changed readiness functions to accept db; live routes invoke through withOrganizationContext()","TSC_PASS; route/runtime proof pending"
"235","web/src/lib/season-zero-readiness.ts","133","realDataCounts","count","athlete","YES","YES","Explicit db parameter; live callers establish authenticated organizationId","Trusted organizationId followed by withOrganizationContext() and tx","Function-local db alias backed by scoped transaction or explicit maintenance client","B","Changed readiness functions to accept db; live routes invoke through withOrganizationContext()","TSC_PASS; route/runtime proof pending"
"236","web/src/lib/season-zero-readiness.ts","134","realDataCounts","count","player","YES","YES","Explicit db parameter; live callers establish authenticated organizationId","Trusted organizationId followed by withOrganizationContext() and tx","Function-local db alias backed by scoped transaction or explicit maintenance client","B","Changed readiness functions to accept db; live routes invoke through withOrganizationContext()","TSC_PASS; route/runtime proof pending"
"237","web/src/lib/season-zero-readiness.ts","135","realDataCounts","count","staff","YES","YES","Explicit db parameter; live callers establish authenticated organizationId","Trusted organizationId followed by withOrganizationContext() and tx","Function-local db alias backed by scoped transaction or explicit maintenance client","B","Changed readiness functions to accept db; live routes invoke through withOrganizationContext()","TSC_PASS; route/runtime proof pending"
"238","web/src/lib/season-zero-readiness.ts","136","realDataCounts","count","staff","YES","YES","Explicit db parameter; live callers establish authenticated organizationId","Trusted organizationId followed by withOrganizationContext() and tx","Function-local db alias backed by scoped transaction or explicit maintenance client","B","Changed readiness functions to accept db; live routes invoke through withOrganizationContext()","TSC_PASS; route/runtime proof pending"
"239","web/src/lib/season-zero-readiness.ts","137","realDataCounts","count","vendor","YES","YES","Explicit db parameter; live callers establish authenticated organizationId","Trusted organizationId followed by withOrganizationContext() and tx","Function-local db alias backed by scoped transaction or explicit maintenance client","B","Changed readiness functions to accept db; live routes invoke through withOrganizationContext()","TSC_PASS; route/runtime proof pending"
"240","web/src/lib/season-zero-readiness.ts","138","realDataCounts","count","event","YES","YES","Explicit db parameter; live callers establish authenticated organizationId","Trusted organizationId followed by withOrganizationContext() and tx","Function-local db alias backed by scoped transaction or explicit maintenance client","B","Changed readiness functions to accept db; live routes invoke through withOrganizationContext()","TSC_PASS; route/runtime proof pending"
"241","web/src/lib/season-zero-readiness.ts","139","realDataCounts","count","fixture","YES","YES","Explicit db parameter; live callers establish authenticated organizationId","Trusted organizationId followed by withOrganizationContext() and tx","Function-local db alias backed by scoped transaction or explicit maintenance client","B","Changed readiness functions to accept db; live routes invoke through withOrganizationContext()","TSC_PASS; route/runtime proof pending"
"242","web/src/lib/season-zero-readiness.ts","140","realDataCounts","count","seatReservation","YES","YES","Explicit db parameter; live callers establish authenticated organizationId","Trusted organizationId followed by withOrganizationContext() and tx","Function-local db alias backed by scoped transaction or explicit maintenance client","B","Changed readiness functions to accept db; live routes invoke through withOrganizationContext()","TSC_PASS; route/runtime proof pending"
"243","web/src/lib/season-zero-readiness.ts","141","realDataCounts","count","order","YES","YES","Explicit db parameter; live callers establish authenticated organizationId","Trusted organizationId followed by withOrganizationContext() and tx","Function-local db alias backed by scoped transaction or explicit maintenance client","B","Changed readiness functions to accept db; live routes invoke through withOrganizationContext()","TSC_PASS; route/runtime proof pending"
"244","web/src/lib/season-zero-readiness.ts","147","clubReadiness","findMany","seasonClub","YES","YES","Explicit db parameter; live callers establish authenticated organizationId","Trusted organizationId followed by withOrganizationContext() and tx","Function-local db alias backed by scoped transaction or explicit maintenance client","B","Changed readiness functions to accept db; live routes invoke through withOrganizationContext()","TSC_PASS; route/runtime proof pending"
"245","web/src/lib/season-zero-readiness.ts","197","playerReconciliation","count","application","YES","YES","Explicit db parameter; live callers establish authenticated organizationId","Trusted organizationId followed by withOrganizationContext() and tx","Function-local db alias backed by scoped transaction or explicit maintenance client","B","Changed readiness functions to accept db; live routes invoke through withOrganizationContext()","TSC_PASS; route/runtime proof pending"
"246","web/src/lib/season-zero-readiness.ts","198","playerReconciliation","count","application","YES","YES","Explicit db parameter; live callers establish authenticated organizationId","Trusted organizationId followed by withOrganizationContext() and tx","Function-local db alias backed by scoped transaction or explicit maintenance client","B","Changed readiness functions to accept db; live routes invoke through withOrganizationContext()","TSC_PASS; route/runtime proof pending"
"247","web/src/lib/season-zero-readiness.ts","199","playerReconciliation","count","athlete","YES","YES","Explicit db parameter; live callers establish authenticated organizationId","Trusted organizationId followed by withOrganizationContext() and tx","Function-local db alias backed by scoped transaction or explicit maintenance client","B","Changed readiness functions to accept db; live routes invoke through withOrganizationContext()","TSC_PASS; route/runtime proof pending"
"248","web/src/lib/season-zero-readiness.ts","200","playerReconciliation","count","player","YES","YES","Explicit db parameter; live callers establish authenticated organizationId","Trusted organizationId followed by withOrganizationContext() and tx","Function-local db alias backed by scoped transaction or explicit maintenance client","B","Changed readiness functions to accept db; live routes invoke through withOrganizationContext()","TSC_PASS; route/runtime proof pending"
"249","web/src/lib/season-zero-readiness.ts","201","playerReconciliation","count","player","YES","YES","Explicit db parameter; live callers establish authenticated organizationId","Trusted organizationId followed by withOrganizationContext() and tx","Function-local db alias backed by scoped transaction or explicit maintenance client","B","Changed readiness functions to accept db; live routes invoke through withOrganizationContext()","TSC_PASS; route/runtime proof pending"
"250","web/src/lib/season-zero-readiness.ts","202","playerReconciliation","count","player","YES","YES","Explicit db parameter; live callers establish authenticated organizationId","Trusted organizationId followed by withOrganizationContext() and tx","Function-local db alias backed by scoped transaction or explicit maintenance client","B","Changed readiness functions to accept db; live routes invoke through withOrganizationContext()","TSC_PASS; route/runtime proof pending"
"251","web/src/lib/season-zero-readiness.ts","203","playerReconciliation","count","player","YES","YES","Explicit db parameter; live callers establish authenticated organizationId","Trusted organizationId followed by withOrganizationContext() and tx","Function-local db alias backed by scoped transaction or explicit maintenance client","B","Changed readiness functions to accept db; live routes invoke through withOrganizationContext()","TSC_PASS; route/runtime proof pending"
"252","web/src/lib/season-zero-readiness.ts","204","playerReconciliation","count","player","YES","YES","Explicit db parameter; live callers establish authenticated organizationId","Trusted organizationId followed by withOrganizationContext() and tx","Function-local db alias backed by scoped transaction or explicit maintenance client","B","Changed readiness functions to accept db; live routes invoke through withOrganizationContext()","TSC_PASS; route/runtime proof pending"
"253","web/src/lib/season-zero-readiness.ts","205","playerReconciliation","count","player","YES","YES","Explicit db parameter; live callers establish authenticated organizationId","Trusted organizationId followed by withOrganizationContext() and tx","Function-local db alias backed by scoped transaction or explicit maintenance client","B","Changed readiness functions to accept db; live routes invoke through withOrganizationContext()","TSC_PASS; route/runtime proof pending"
"254","web/src/lib/season-zero-readiness.ts","206","playerReconciliation","count","player","YES","YES","Explicit db parameter; live callers establish authenticated organizationId","Trusted organizationId followed by withOrganizationContext() and tx","Function-local db alias backed by scoped transaction or explicit maintenance client","B","Changed readiness functions to accept db; live routes invoke through withOrganizationContext()","TSC_PASS; route/runtime proof pending"
"255","web/src/lib/season-zero-readiness.ts","207","playerReconciliation","count","player","YES","YES","Explicit db parameter; live callers establish authenticated organizationId","Trusted organizationId followed by withOrganizationContext() and tx","Function-local db alias backed by scoped transaction or explicit maintenance client","B","Changed readiness functions to accept db; live routes invoke through withOrganizationContext()","TSC_PASS; route/runtime proof pending"
"256","web/src/lib/season-zero-readiness.ts","235","staffReadiness","count","eventStaffAssignment","YES","YES","Explicit db parameter; live callers establish authenticated organizationId","Trusted organizationId followed by withOrganizationContext() and tx","Function-local db alias backed by scoped transaction or explicit maintenance client","B","Changed readiness functions to accept db; live routes invoke through withOrganizationContext()","TSC_PASS; route/runtime proof pending"
"257","web/src/lib/season-zero-readiness.ts","236","staffReadiness","count","eventStaffAssignment","YES","YES","Explicit db parameter; live callers establish authenticated organizationId","Trusted organizationId followed by withOrganizationContext() and tx","Function-local db alias backed by scoped transaction or explicit maintenance client","B","Changed readiness functions to accept db; live routes invoke through withOrganizationContext()","TSC_PASS; route/runtime proof pending"
"258","web/src/lib/season-zero-readiness.ts","237","staffReadiness","count","eventStaffAssignment","YES","YES","Explicit db parameter; live callers establish authenticated organizationId","Trusted organizationId followed by withOrganizationContext() and tx","Function-local db alias backed by scoped transaction or explicit maintenance client","B","Changed readiness functions to accept db; live routes invoke through withOrganizationContext()","TSC_PASS; route/runtime proof pending"
"259","web/src/lib/season-zero-readiness.ts","238","staffReadiness","count","accreditation","YES","YES","Explicit db parameter; live callers establish authenticated organizationId","Trusted organizationId followed by withOrganizationContext() and tx","Function-local db alias backed by scoped transaction or explicit maintenance client","B","Changed readiness functions to accept db; live routes invoke through withOrganizationContext()","TSC_PASS; route/runtime proof pending"
"260","web/src/lib/season-zero-readiness.ts","249","draftReadiness","findFirst","draftEvent","YES","YES","Explicit db parameter; live callers establish authenticated organizationId","Trusted organizationId followed by withOrganizationContext() and tx","Function-local db alias backed by scoped transaction or explicit maintenance client","B","Changed readiness functions to accept db; live routes invoke through withOrganizationContext()","TSC_PASS; route/runtime proof pending"
"261","web/src/lib/season-zero-readiness.ts","257","draftReadiness","count","draftSquad","YES","YES","Explicit db parameter; live callers establish authenticated organizationId","Trusted organizationId followed by withOrganizationContext() and tx","Function-local db alias backed by scoped transaction or explicit maintenance client","B","Changed readiness functions to accept db; live routes invoke through withOrganizationContext()","TSC_PASS; route/runtime proof pending"
"262","web/src/lib/season-zero-readiness.ts","258","draftReadiness","count","draftAllocation","YES","YES","Explicit db parameter; live callers establish authenticated organizationId","Trusted organizationId followed by withOrganizationContext() and tx","Function-local db alias backed by scoped transaction or explicit maintenance client","B","Changed readiness functions to accept db; live routes invoke through withOrganizationContext()","TSC_PASS; route/runtime proof pending"
"263","web/src/lib/season-zero-readiness.ts","259","draftReadiness","count","draftAllocation","YES","YES","Explicit db parameter; live callers establish authenticated organizationId","Trusted organizationId followed by withOrganizationContext() and tx","Function-local db alias backed by scoped transaction or explicit maintenance client","B","Changed readiness functions to accept db; live routes invoke through withOrganizationContext()","TSC_PASS; route/runtime proof pending"
"264","web/src/lib/season-zero-readiness.ts","268","eventReadiness","findFirst","event","YES","YES","Explicit db parameter; live callers establish authenticated organizationId","Trusted organizationId followed by withOrganizationContext() and tx","Function-local db alias backed by scoped transaction or explicit maintenance client","B","Changed readiness functions to accept db; live routes invoke through withOrganizationContext()","TSC_PASS; route/runtime proof pending"
"265","web/src/lib/season-zero-readiness.ts","271","eventReadiness","count","seatZone","YES","YES","Explicit db parameter; live callers establish authenticated organizationId","Trusted organizationId followed by withOrganizationContext() and tx","Function-local db alias backed by scoped transaction or explicit maintenance client","B","Changed readiness functions to accept db; live routes invoke through withOrganizationContext()","TSC_PASS; route/runtime proof pending"
"266","web/src/lib/season-zero-readiness.ts","272","eventReadiness","count","vendorInventory","YES","YES","Explicit db parameter; live callers establish authenticated organizationId","Trusted organizationId followed by withOrganizationContext() and tx","Function-local db alias backed by scoped transaction or explicit maintenance client","B","Changed readiness functions to accept db; live routes invoke through withOrganizationContext()","TSC_PASS; route/runtime proof pending"
"267","web/src/lib/season-zero-readiness.ts","273","eventReadiness","count","vendor","YES","YES","Explicit db parameter; live callers establish authenticated organizationId","Trusted organizationId followed by withOrganizationContext() and tx","Function-local db alias backed by scoped transaction or explicit maintenance client","B","Changed readiness functions to accept db; live routes invoke through withOrganizationContext()","TSC_PASS; route/runtime proof pending"
"268","web/src/lib/season-zero-readiness.ts","274","eventReadiness","count","sponsorCampaign","YES","YES","Explicit db parameter; live callers establish authenticated organizationId","Trusted organizationId followed by withOrganizationContext() and tx","Function-local db alias backed by scoped transaction or explicit maintenance client","B","Changed readiness functions to accept db; live routes invoke through withOrganizationContext()","TSC_PASS; route/runtime proof pending"
"269","web/src/lib/season-zero-readiness.ts","275","eventReadiness","count","seatReservation","YES","YES","Explicit db parameter; live callers establish authenticated organizationId","Trusted organizationId followed by withOrganizationContext() and tx","Function-local db alias backed by scoped transaction or explicit maintenance client","B","Changed readiness functions to accept db; live routes invoke through withOrganizationContext()","TSC_PASS; route/runtime proof pending"
"270","web/src/lib/season-zero-readiness.ts","294","launchBlockerSummary","count","launchReadinessCheck","YES","YES","Explicit db parameter; live callers establish authenticated organizationId","Trusted organizationId followed by withOrganizationContext() and tx","Function-local db alias backed by scoped transaction or explicit maintenance client","B","Changed readiness functions to accept db; live routes invoke through withOrganizationContext()","TSC_PASS; route/runtime proof pending"
"271","web/src/lib/season-zero-readiness.ts","295","launchBlockerSummary","count","launchReadinessCheck","YES","YES","Explicit db parameter; live callers establish authenticated organizationId","Trusted organizationId followed by withOrganizationContext() and tx","Function-local db alias backed by scoped transaction or explicit maintenance client","B","Changed readiness functions to accept db; live routes invoke through withOrganizationContext()","TSC_PASS; route/runtime proof pending"
"272","web/src/lib/season-zero-readiness.ts","296","launchBlockerSummary","count","launchReadinessCheck","YES","YES","Explicit db parameter; live callers establish authenticated organizationId","Trusted organizationId followed by withOrganizationContext() and tx","Function-local db alias backed by scoped transaction or explicit maintenance client","B","Changed readiness functions to accept db; live routes invoke through withOrganizationContext()","TSC_PASS; route/runtime proof pending"
"273","web/src/lib/season-zero-readiness.ts","297","launchBlockerSummary","count","launchReadinessCheck","YES","YES","Explicit db parameter; live callers establish authenticated organizationId","Trusted organizationId followed by withOrganizationContext() and tx","Function-local db alias backed by scoped transaction or explicit maintenance client","B","Changed readiness functions to accept db; live routes invoke through withOrganizationContext()","TSC_PASS; route/runtime proof pending"
"274","web/src/lib/season-zero-readiness.ts","298","launchBlockerSummary","count","launchReadinessCheck","YES","YES","Explicit db parameter; live callers establish authenticated organizationId","Trusted organizationId followed by withOrganizationContext() and tx","Function-local db alias backed by scoped transaction or explicit maintenance client","B","Changed readiness functions to accept db; live routes invoke through withOrganizationContext()","TSC_PASS; route/runtime proof pending"
"275","web/src/lib/season-zero-readiness.ts","329","seasonZeroReadinessReport","count","rehearsal","YES","YES","Explicit db parameter; live callers establish authenticated organizationId","Trusted organizationId followed by withOrganizationContext() and tx","Function-local db alias backed by scoped transaction or explicit maintenance client","B","Changed readiness functions to accept db; live routes invoke through withOrganizationContext()","TSC_PASS; route/runtime proof pending"
"276","web/src/lib/season-zero-readiness.ts","330","seasonZeroReadinessReport","count","equipment","YES","YES","Explicit db parameter; live callers establish authenticated organizationId","Trusted organizationId followed by withOrganizationContext() and tx","Function-local db alias backed by scoped transaction or explicit maintenance client","B","Changed readiness functions to accept db; live routes invoke through withOrganizationContext()","TSC_PASS; route/runtime proof pending"
"277","web/src/lib/season-zero-readiness.ts","331","seasonZeroReadinessReport","count","opsDocument","YES","YES","Explicit db parameter; live callers establish authenticated organizationId","Trusted organizationId followed by withOrganizationContext() and tx","Function-local db alias backed by scoped transaction or explicit maintenance client","B","Changed readiness functions to accept db; live routes invoke through withOrganizationContext()","TSC_PASS; route/runtime proof pending"
"278","web/src/lib/season-zero-readiness.ts","332","seasonZeroReadinessReport","count","opsDocument","YES","YES","Explicit db parameter; live callers establish authenticated organizationId","Trusted organizationId followed by withOrganizationContext() and tx","Function-local db alias backed by scoped transaction or explicit maintenance client","B","Changed readiness functions to accept db; live routes invoke through withOrganizationContext()","TSC_PASS; route/runtime proof pending"
"279","web/src/lib/system-health-loader.ts","145","buildSystemHealth","findFirst","fixture","YES","YES","Already scoped since Stage 5.2C (Batch 7 correction)","withOrganizationContext(organizationId) and transaction client","Remediated in Stage 5.2C","B","Batch 7 classification-only: the original row text-matched a doc comment; the real tx.fixture.findFirst (line 145) was already scoped","ALREADY_SAFE; CODE_REVIEW"
"280","web/src/lib/tenant-context.ts","11","resolveActiveOrganizationId","findFirst","userRoleAssignment","YES","YES","Bootstrap infrastructure: resolves the acting user own organization before any tenant context exists","None; platform-level resolution by necessity","Bare client by design","C","Batch 7 classification-only: E->C; UserRoleAssignment bootstrap resolver, bare by necessity","CLASSIFIED_PLATFORM_GLOBAL"
"281","web/src/lib/tenant-context.ts","35","resolveActiveOrganizationBySlug","findUnique","organization","NO","NO","Platform/global model by schema and current architecture","Platform/global access; no tenant context","Direct global Prisma access","C","None; retain platform/global semantics","CLASSIFIED_PLATFORM_GLOBAL"
"282","web/src/lib/tenant-context.ts","59","resolveDefaultPublicOrganization","findMany","organization","YES","YES","Bootstrap infrastructure: resolves the Neon Ultra Organization by slug (platform-global)","None; platform-global resolver","Bare client by design","C","Batch 7 classification-only: E->C; the original row text-matched a doc comment; the real resolver delegates to resolveActiveOrganizationBySlug (platform-global Organization)","CLASSIFIED_PLATFORM_GLOBAL"
